ts_code,datetime,open,high,low,close,pre_close,change,pct_chg,volume,amount
300350.SZ,2015-01-28,6.0,6.0,6.0,6.0,5.45,0.5499999999999998,10.09,279.91,606.565
300350.SZ,2015-01-29,6.6,6.6,6.6,6.6,6.0,0.5999999999999996,10.0,300.13,715.5099
300350.SZ,2015-01-30,7.26,7.26,7.26,7.26,6.6,0.6600000000000001,10.0,879.71,2306.5996
300350.SZ,2015-02-02,7.98,7.98,7.98,7.98,7.26,0.7200000000000006,9.92,6466.55,18649.5302
300350.SZ,2015-02-03,8.78,8.78,8.78,8.78,7.98,0.7999999999999989,10.03,4885.7,15497.4404
300350.SZ,2015-02-04,9.66,9.66,9.66,9.66,8.78,0.8800000000000008,10.02,712.58,2486.1916
300350.SZ,2015-02-05,10.62,10.62,10.62,10.62,9.66,0.9599999999999991,9.94,12423.98,47683.2352
300350.SZ,2015-02-06,11.35,11.69,11.07,11.69,10.62,1.0700000000000003,10.08,90955.41,376998.6771
300350.SZ,2015-02-09,11.38,12.6,11.38,11.63,11.69,-0.05999999999999872,-0.51,128673.12,549945.8428
300350.SZ,2015-02-10,12.15,12.44,11.79,12.18,11.63,0.5499999999999989,4.73,53213.31,232996.6856
300350.SZ,2015-02-11,12.04,12.89,11.9,12.81,12.18,0.6300000000000008,5.17,52281.76,236697.5779
300350.SZ,2015-02-12,12.65,13.0,12.37,12.55,12.81,-0.2599999999999998,-2.03,34126.49,155775.6992
300350.SZ,2015-02-13,12.56,13.06,12.49,12.65,12.55,0.09999999999999964,0.8,34078.7,157457.021
300350.SZ,2015-02-16,12.65,13.12,12.29,12.75,12.65,0.09999999999999964,0.79,37721.21,173937.3815
300350.SZ,2015-02-17,12.75,13.51,12.47,13.29,12.75,0.5399999999999991,4.24,21490.85,100656.4333
300350.SZ,2015-02-25,13.42,14.53,12.9,12.98,13.29,-0.3099999999999987,-2.33,37525.55,185392.5194
300350.SZ,2015-02-26,13.01,13.14,12.18,12.82,12.98,-0.16000000000000014,-1.23,39378.12,178630.5834
300350.SZ,2015-02-27,12.46,12.79,12.32,12.72,12.82,-0.09999999999999964,-0.78,20534.58,93011.4887
300350.SZ,2015-03-02,12.51,13.7,12.46,13.66,12.72,0.9399999999999995,7.39,31309.11,147500.4039
300350.SZ,2015-03-03,13.56,15.03,13.4,13.84,13.66,0.17999999999999972,1.32,45735.87,236589.9763
300350.SZ,2015-03-04,13.66,15.22,13.66,15.22,13.84,1.3800000000000008,9.97,24582.76,131759.0739
300350.SZ,2015-03-05,15.97,16.5,14.67,15.5,15.22,0.27999999999999936,1.84,41705.41,234081.0811
300350.SZ,2015-03-06,15.5,15.69,14.12,15.0,15.5,-0.5,-3.23,23784.14,128479.7748
300350.SZ,2015-03-09,14.67,16.5,14.43,16.5,15.0,1.5,10.0,25382.39,145933.2877
300350.SZ,2015-03-10,17.44,18.02,16.89,17.55,16.5,1.0500000000000007,6.36,24446.09,154579.2039
300350.SZ,2015-03-11,17.32,18.51,16.92,17.88,17.55,0.3299999999999983,1.88,14368.18,91615.5365
300350.SZ,2015-03-12,17.44,17.88,16.28,16.52,17.88,-1.3599999999999994,-7.61,18228.58,111764.2498
300350.SZ,2015-03-13,16.58,17.3,16.16,16.75,16.52,0.23000000000000043,1.39,12146.25,73628.578
300350.SZ,2015-03-16,16.72,17.3,16.34,17.27,16.75,0.5199999999999996,3.1,30094.2,183355.3155
300350.SZ,2015-03-17,17.32,17.33,16.06,16.42,17.27,-0.8499999999999979,-4.92,33563.34,202192.7085
300350.SZ,2015-03-18,16.42,16.42,15.53,16.06,16.42,-0.360000000000003,-2.19,31770.93,183061.0436
300350.SZ,2015-03-19,16.21,16.41,15.83,16.23,16.06,0.1700000000000017,1.06,27295.87,158898.2188
300350.SZ,2015-03-20,16.37,16.89,16.11,16.48,16.23,0.25,1.54,26692.25,159066.9843
300350.SZ,2015-03-23,16.8,18.13,16.18,17.66,16.48,1.1799999999999997,7.16,41225.52,262162.5792
300350.SZ,2015-03-24,17.44,18.27,16.19,17.66,17.66,0.0,0.0,45798.79,287461.2256
300350.SZ,2015-03-25,17.65,19.43,17.11,19.43,17.66,1.7699999999999996,10.02,40691.8,273417.333
300350.SZ,2015-03-26,19.1,21.28,18.41,19.26,19.43,-0.16999999999999815,-0.87,34008.12,244432.9397
300350.SZ,2015-03-27,18.89,19.46,17.99,18.69,19.26,-0.5700000000000003,-2.96,20315.42,136686.2818
300350.SZ,2015-03-30,17.99,18.82,17.26,17.83,18.69,-0.860000000000003,-4.6,26911.9,173560.6385
300350.SZ,2015-03-31,17.83,19.13,17.54,18.55,17.83,0.7200000000000024,4.04,13620.93,90785.4156
300350.SZ,2015-04-01,18.41,19.88,18.27,19.48,18.55,0.9299999999999997,5.01,15479.05,106943.4642
300350.SZ,2015-04-02,19.48,21.43,19.3,21.43,19.48,1.9499999999999993,10.01,19249.68,144377.8424
300350.SZ,2015-04-03,21.15,23.44,21.15,22.89,21.43,1.4600000000000009,6.81,17772.08,144686.8758
300350.SZ,2015-04-07,22.78,23.53,22.22,22.34,22.89,-0.5500000000000007,-2.4,12867.9,104791.4391
300350.SZ,2015-04-08,22.34,22.48,21.26,21.67,22.34,-0.6699999999999982,-3.0,12448.23,98093.6246
300350.SZ,2015-04-09,22.01,22.01,19.51,21.59,21.67,-0.08000000000000185,-0.37,14290.7,106053.233
300350.SZ,2015-04-10,21.55,22.93,20.71,22.48,21.59,0.8900000000000006,4.12,16948.29,135108.6717
300350.SZ,2015-04-13,22.15,22.2,20.98,21.41,22.48,-1.0700000000000003,-4.76,15827.41,123153.6052
300350.SZ,2015-04-14,21.32,21.85,20.51,21.35,21.41,-0.05999999999999872,-0.28,9957.88,76494.9305
300350.SZ,2015-04-15,20.76,21.35,20.24,20.62,21.35,-0.7300000000000004,-3.42,8597.64,64119.1859
300350.SZ,2015-04-16,20.68,22.28,20.21,22.15,20.62,1.5299999999999976,7.42,11994.7,94553.4593
300350.SZ,2015-04-17,22.14,22.64,21.37,21.59,22.15,-0.5599999999999987,-2.53,9352.46,74205.2547
300350.SZ,2015-04-20,21.59,21.59,20.48,20.65,21.59,-0.9400000000000013,-4.35,7894.26,59998.7981
300350.SZ,2015-04-21,20.87,22.09,20.37,21.45,20.65,0.8000000000000007,3.87,9025.61,69574.2486
300350.SZ,2015-04-22,21.59,22.26,21.06,21.45,21.45,0.0,0.0,9794.79,76816.1836
300350.SZ,2015-04-23,21.45,22.7,21.26,22.11,21.45,0.6600000000000001,3.08,13634.21,108862.0122
300350.SZ,2015-04-24,22.11,24.32,21.84,24.32,22.11,2.210000000000001,10.0,18161.79,157550.8673
300350.SZ,2015-04-27,24.11,26.32,24.09,24.7,24.32,0.379999999999999,1.56,17581.04,160287.2775
300350.SZ,2015-04-28,24.94,25.7,23.5,23.56,24.7,-1.1400000000000006,-4.62,15277.54,134905.0351
300350.SZ,2015-04-29,23.42,25.18,23.03,24.89,23.56,1.3300000000000018,5.65,8882.5,78425.5281
300350.SZ,2015-04-30,24.61,27.35,24.61,26.27,24.89,1.379999999999999,5.54,8208.74,77548.0218
300350.SZ,2015-05-04,25.88,27.32,24.92,27.18,26.27,0.9100000000000001,3.46,8799.06,83395.1477
300350.SZ,2015-05-05,26.85,27.13,26.3,26.62,27.18,-0.5599999999999987,-2.06,7730.78,74118.0023
300350.SZ,2015-05-06,26.62,28.93,26.57,27.68,26.62,1.0599999999999987,3.98,7361.4,74319.4179
300350.SZ,2015-05-07,27.29,28.51,26.57,27.68,27.68,0.0,0.0,7329.1,73115.1176
300350.SZ,2015-05-08,28.41,30.11,27.68,30.06,27.68,2.379999999999999,8.6,9089.0,94584.4222
300350.SZ,2015-05-11,29.64,33.07,29.21,33.07,30.06,3.0100000000000016,10.01,13588.69,154954.697
300350.SZ,2015-05-12,33.33,34.17,31.86,34.05,33.07,0.9799999999999969,2.96,11135.32,132430.8485
300350.SZ,2015-05-25,34.05,37.45,33.22,35.12,34.05,1.0700000000000003,3.14,14464.92,186338.2009
300350.SZ,2015-05-26,34.6,37.58,34.57,37.54,35.12,2.4200000000000017,6.89,8299.09,107962.1226
300350.SZ,2015-05-27,37.33,38.16,35.99,38.06,37.54,0.5200000000000031,1.39,6669.01,88992.3824
300350.SZ,2015-05-28,38.06,38.08,34.26,34.46,38.06,-3.6000000000000014,-9.46,9643.91,125015.8527
300350.SZ,2015-05-29,34.39,37.09,31.42,35.71,34.46,1.25,3.63,8221.99,102705.2751
300350.SZ,2015-06-01,35.54,38.09,35.34,37.32,35.71,1.6099999999999994,4.51,5948.57,78827.5953
300350.SZ,2015-06-02,37.31,41.05,35.71,41.05,37.32,3.729999999999997,9.99,11691.15,159902.2722
300350.SZ,2015-06-03,40.22,45.15,39.73,45.15,41.05,4.100000000000001,9.99,10903.82,170670.3938
300350.SZ,2015-06-04,48.16,48.69,42.35,47.12,45.15,1.9699999999999989,4.36,11079.47,185055.5117
300350.SZ,2015-06-05,48.13,49.83,45.45,46.23,47.12,-0.8900000000000006,-1.89,5317.12,90822.2603
300350.SZ,2015-06-08,44.84,46.78,41.63,44.57,46.23,-1.6599999999999966,-3.59,9733.53,154011.3724
300350.SZ,2015-06-09,44.29,44.69,41.3,44.24,44.57,-0.3299999999999983,-0.74,6929.98,107790.0193
300350.SZ,2015-06-10,44.71,48.44,42.5,46.78,44.24,2.539999999999999,5.74,10708.6,170686.1121
300350.SZ,2015-06-11,46.23,49.47,45.27,48.91,46.78,2.1299999999999955,4.55,6395.11,110172.5944
300350.SZ,2015-06-12,47.91,52.87,47.61,51.21,48.91,2.3000000000000043,4.7,5417.07,100748.5637
300350.SZ,2015-06-15,51.07,51.99,46.09,46.09,51.21,-5.119999999999997,-10.0,6897.54,117794.5856
300350.SZ,2015-06-16,41.48,41.48,41.48,41.48,46.09,-4.6100000000000065,-10.0,792.0,11868.12
300350.SZ,2015-06-17,37.33,42.35,37.33,41.26,41.48,-0.21999999999999886,-0.53,21073.68,295105.3546
300350.SZ,2015-06-18,40.42,40.42,37.14,37.14,41.26,-4.119999999999997,-9.99,10999.48,150834.8573
300350.SZ,2015-06-19,34.6,34.6,33.42,33.42,37.14,-3.719999999999999,-10.02,12954.88,156774.9937
300350.SZ,2015-06-23,30.48,34.85,30.48,34.76,33.42,1.3399999999999963,4.01,16110.28,192262.3087
300350.SZ,2015-06-24,34.71,35.61,31.41,32.94,34.76,-1.8200000000000003,-5.24,11626.48,139591.7517
300350.SZ,2015-06-25,32.8,34.54,29.65,29.65,32.94,-3.289999999999999,-9.99,8852.77,103383.8121
300350.SZ,2015-06-26,26.85,27.68,26.68,26.68,29.65,-2.969999999999999,-10.02,8805.0,85175.9515
300350.SZ,2015-06-29,26.02,27.1,24.01,24.01,26.68,-2.669999999999998,-10.01,8018.37,70408.7101
300350.SZ,2015-06-30,21.61,26.42,21.61,26.16,24.01,2.1499999999999986,8.95,20083.53,176205.2984
300350.SZ,2015-07-01,26.01,28.76,23.55,23.55,26.16,-2.6099999999999994,-9.98,23944.12,217195.9173
300350.SZ,2015-07-02,22.42,23.74,21.19,21.19,23.55,-2.3599999999999994,-10.02,15101.37,117003.9736
300350.SZ,2015-07-03,19.11,20.94,19.07,19.07,21.19,-2.120000000000001,-10.0,18858.52,133674.6524
300350.SZ,2015-07-06,20.76,20.76,17.17,17.17,19.07,-1.8999999999999986,-9.96,25382.47,163036.4077
300350.SZ,2015-07-20,18.88,18.88,18.88,18.88,17.17,1.7099999999999973,9.96,519.03,3540.3036
300350.SZ,2015-07-21,20.77,20.77,20.77,20.77,18.88,1.8900000000000006,10.01,644.03,4832.1571
300350.SZ,2015-07-22,22.85,22.85,22.85,22.85,20.77,2.080000000000002,10.01,478.27,3947.1623
300350.SZ,2015-07-23,25.13,25.13,25.13,25.13,22.85,2.2799999999999976,9.98,6025.82,54702.394
300350.SZ,2015-07-24,26.39,27.64,26.19,27.4,25.13,2.2699999999999996,9.03,68832.48,672416.6993
300350.SZ,2015-07-27,25.85,26.9,24.66,24.66,27.4,-2.7399999999999984,-10.0,41849.82,387862.2683
300350.SZ,2015-07-28,22.2,24.08,22.2,22.2,24.66,-2.460000000000001,-9.98,34575.52,279726.1431
300350.SZ,2015-07-29,22.62,23.14,19.98,22.42,22.2,0.22000000000000242,0.99,49186.12,375344.1157
300350.SZ,2015-07-30,21.56,22.08,20.18,20.18,22.42,-2.240000000000002,-9.99,36496.39,278429.9947
300350.SZ,2015-07-31,19.21,19.55,18.16,18.16,20.18,-2.0199999999999996,-10.01,31078.94,209804.8346
300350.SZ,2015-08-03,16.38,16.89,16.34,16.34,18.16,-1.8200000000000003,-10.02,23697.84,140589.5879
300350.SZ,2015-08-04,16.33,17.98,16.1,17.98,16.34,1.6400000000000006,10.04,34026.53,210920.5481
300350.SZ,2015-08-05,18.32,18.87,17.46,17.7,17.98,-0.28000000000000114,-1.56,40701.69,269121.8854
300350.SZ,2015-08-06,16.61,17.53,16.22,16.6,17.7,-1.0999999999999979,-6.21,26366.67,160060.2971
300350.SZ,2015-08-07,17.02,18.26,16.78,18.26,16.6,1.6600000000000001,10.0,37415.29,241381.4958
300350.SZ,2015-08-10,19.32,20.08,18.36,19.7,18.26,1.4399999999999977,7.89,64781.46,444583.6983
300350.SZ,2015-08-11,19.38,21.25,19.05,20.47,19.7,0.7699999999999996,3.91,64286.37,461482.441
300350.SZ,2015-08-12,19.87,20.2,19.07,19.27,20.47,-1.1999999999999993,-5.86,40524.18,287268.4882
300350.SZ,2015-08-13,18.96,19.88,18.32,19.88,19.27,0.6099999999999994,3.17,40995.38,284488.1645
300350.SZ,2015-08-14,20.25,20.71,19.5,19.5,19.88,-0.379999999999999,-1.91,44591.01,324953.4119
300350.SZ,2015-08-17,18.93,19.07,18.2,18.55,19.5,-0.9499999999999993,-4.87,31704.58,212716.4368
300350.SZ,2015-08-18,18.55,19.35,16.7,16.7,18.55,-1.8500000000000014,-9.97,35055.5,229776.6634
300350.SZ,2015-08-19,16.27,17.38,15.37,17.11,16.7,0.41000000000000014,2.46,30493.26,179281.1062
300350.SZ,2015-08-20,16.75,17.01,15.78,15.94,17.11,-1.17,-6.84,23814.79,141466.8638
300350.SZ,2015-08-21,15.56,16.75,15.23,15.63,15.94,-0.3099999999999987,-1.94,22199.75,128256.506
300350.SZ,2015-08-24,14.89,15.44,14.07,14.07,15.63,-1.5600000000000005,-9.98,19801.71,102624.0545
300350.SZ,2015-08-25,12.66,13.24,12.66,12.66,14.07,-1.4100000000000001,-10.02,17602.94,80720.5225
300350.SZ,2015-08-26,12.6,12.87,11.4,11.4,12.66,-1.2599999999999998,-9.95,32536.13,140143.0865
300350.SZ,2015-08-27,11.66,12.1,10.26,11.85,11.4,0.4499999999999993,3.95,36104.67,148999.4566
300350.SZ,2015-08-28,11.95,13.03,11.49,13.03,11.85,1.1799999999999997,9.96,43942.74,192260.6048
300350.SZ,2015-08-31,12.98,12.98,11.73,11.73,13.03,-1.299999999999999,-9.98,27875.92,123582.9367
300350.SZ,2015-09-01,11.11,11.35,10.55,10.55,11.73,-1.1799999999999997,-10.06,23490.06,92388.8962
300350.SZ,2015-09-02,9.96,11.61,9.77,11.61,10.55,1.0599999999999987,10.05,27484.22,109889.6793
300350.SZ,2015-09-07,11.62,12.66,11.49,12.04,11.61,0.4299999999999997,3.7,32482.84,142789.9741
300350.SZ,2015-09-08,11.68,13.25,11.68,13.25,12.04,1.2100000000000009,10.05,35305.78,158285.5675
300350.SZ,2015-09-09,13.51,14.38,13.3,14.2,13.25,0.9499999999999993,7.17,40578.21,204437.5014
300350.SZ,2015-09-10,13.84,14.25,13.57,13.78,14.2,-0.41999999999999993,-2.96,22163.67,111077.9246
300350.SZ,2015-09-11,14.12,14.39,13.62,14.05,13.78,0.27000000000000135,1.96,23009.68,116518.1754
300350.SZ,2015-09-14,14.12,14.28,12.65,12.65,14.05,-1.4000000000000004,-9.96,18591.75,88638.6433
300350.SZ,2015-09-15,11.4,11.9,11.38,11.38,12.65,-1.2699999999999996,-10.04,32451.86,134422.5858
300350.SZ,2015-09-16,11.49,12.52,11.38,12.52,11.38,1.1399999999999988,10.02,28147.55,120236.1943
300350.SZ,2015-09-17,12.56,13.42,12.39,12.54,12.52,0.019999999999999574,0.16,34133.78,159551.9612
300350.SZ,2015-09-18,12.56,13.02,12.02,13.02,12.55,0.46999999999999886,3.75,54804.6,124081.4141
300350.SZ,2015-09-21,12.57,14.32,12.23,14.32,13.02,1.3000000000000007,9.98,64728.22,160682.4198
300350.SZ,2015-09-22,14.96,15.75,14.71,15.75,14.32,1.4299999999999997,9.99,146976.51,410251.6655
300350.SZ,2015-09-23,15.6,16.04,14.96,15.57,15.75,-0.17999999999999972,-1.14,122524.82,345872.309
300350.SZ,2015-09-24,15.29,16.01,15.07,15.45,15.57,-0.120000000000001,-0.77,82907.78,232551.1902
300350.SZ,2015-09-25,15.02,15.39,13.91,13.91,15.45,-1.5399999999999991,-9.97,88617.73,229343.6132
300350.SZ,2015-09-28,14.37,15.3,13.85,15.3,13.91,1.3900000000000006,9.99,62430.55,164105.9723
300350.SZ,2015-09-29,14.79,15.22,14.61,14.63,15.3,-0.6699999999999999,-4.38,68657.92,184110.9739
300350.SZ,2015-09-30,14.63,14.96,13.85,14.28,14.63,-0.3500000000000014,-2.39,50156.62,130732.5394
300350.SZ,2015-10-08,14.97,15.5,14.68,15.23,14.28,0.9500000000000011,6.65,50443.55,138230.3811
300350.SZ,2015-10-09,15.12,15.56,15.0,15.4,15.23,0.16999999999999993,1.12,55515.06,152575.5881
300350.SZ,2015-10-12,15.8,16.94,15.56,16.94,15.4,1.540000000000001,10.0,56798.1,168839.8658
300350.SZ,2015-10-13,17.67,18.63,17.45,18.63,16.94,1.6899999999999977,9.98,76158.95,249129.2644
300350.SZ,2015-10-14,19.65,19.65,17.9,18.32,18.63,-0.3099999999999987,-1.66,191814.51,646136.1951
300350.SZ,2015-10-15,17.75,19.83,17.75,19.65,18.32,1.3299999999999983,7.26,167327.99,567628.743
300350.SZ,2015-10-16,19.81,21.6,19.05,20.8,19.65,1.1500000000000021,5.85,167746.57,599461.7787
300350.SZ,2015-10-19,20.44,20.63,19.44,19.7,20.8,-1.1000000000000014,-5.29,116566.83,420920.1479
300350.SZ,2015-10-20,19.48,21.25,19.45,20.79,19.7,1.0899999999999999,5.53,108699.17,404441.9495
300350.SZ,2015-10-21,20.77,21.6,18.71,18.71,20.79,-2.0799999999999983,-10.0,152919.2,557192.3137
300350.SZ,2015-10-22,18.61,20.18,18.17,19.9,18.71,1.1899999999999977,6.36,109701.34,380976.4175
300350.SZ,2015-10-23,19.72,21.79,19.44,21.6,19.9,1.7000000000000028,8.54,137003.65,511849.7741
300350.SZ,2015-10-26,21.88,23.21,21.23,21.93,21.6,0.3299999999999983,1.53,129764.47,520384.9319
300350.SZ,2015-10-27,22.27,23.19,20.83,22.52,21.93,0.5899999999999999,2.69,128792.16,521140.3895
300350.SZ,2015-10-28,21.93,22.34,20.66,20.77,22.52,-1.75,-7.77,95108.63,371037.3223
300350.SZ,2015-10-29,21.05,21.6,20.39,20.72,20.77,-0.05000000000000071,-0.24,56637.08,213640.9553
300350.SZ,2015-10-30,20.61,20.97,19.39,20.38,20.72,-0.33999999999999986,-1.64,61644.31,225489.169
300350.SZ,2015-11-02,19.28,20.93,19.28,19.66,20.38,-0.7199999999999989,-3.53,58858.36,215118.9581
300350.SZ,2015-11-03,20.2,20.94,19.66,19.94,19.66,0.28000000000000114,1.42,69462.31,253642.9491
300350.SZ,2015-11-04,19.75,21.93,19.75,21.93,19.94,1.9899999999999984,9.98,103015.32,391900.1974
300350.SZ,2015-11-05,22.16,23.01,21.61,22.24,21.93,0.3099999999999987,1.41,127371.47,512858.5855
300350.SZ,2015-11-06,22.27,24.42,21.77,24.1,22.24,1.860000000000003,8.36,112054.28,463624.2692
300350.SZ,2015-11-09,23.34,24.46,22.44,23.77,24.1,-0.33000000000000185,-1.37,115472.3,491621.6958
300350.SZ,2015-11-10,23.26,23.8,22.82,23.05,23.77,-0.7199999999999989,-3.03,93247.89,390641.1242
300350.SZ,2015-11-11,23.25,23.6,22.43,23.32,23.05,0.2699999999999996,1.17,88245.45,365303.5411
300350.SZ,2015-11-12,23.64,23.64,22.27,22.43,23.32,-0.8900000000000006,-3.82,81333.3,333486.8315
300350.SZ,2015-11-13,22.16,23.07,21.93,22.1,22.43,-0.3299999999999983,-1.47,75928.85,307883.0242
300350.SZ,2015-11-16,21.57,22.53,20.77,22.29,22.1,0.18999999999999773,0.86,63056.08,246356.7209
300350.SZ,2015-11-17,22.71,22.82,21.05,21.44,22.29,-0.8499999999999979,-3.81,70741.35,282799.5097
300350.SZ,2015-11-18,21.24,21.81,20.27,20.33,21.44,-1.110000000000003,-5.18,47215.06,179901.7217
300350.SZ,2015-11-19,20.38,21.08,20.35,21.07,20.33,0.740000000000002,3.64,45184.75,169103.2607
300350.SZ,2015-11-20,21.08,21.69,20.87,21.46,21.07,0.39000000000000057,1.85,55846.05,214506.3697
300350.SZ,2015-11-23,21.23,22.08,21.16,21.28,21.46,-0.17999999999999972,-0.84,53977.13,211209.0951
300350.SZ,2015-11-24,21.29,22.15,21.29,22.15,21.28,0.8699999999999974,4.09,59254.06,232965.1136
300350.SZ,2015-11-25,22.36,23.03,21.94,22.78,22.15,0.6300000000000026,2.84,87808.84,357747.3927
300350.SZ,2015-11-26,22.99,23.32,21.82,21.99,22.78,-0.7900000000000027,-3.47,67643.3,275050.3124
300350.SZ,2015-11-27,21.57,21.6,19.79,19.79,21.99,-2.1999999999999993,-10.0,74734.74,278521.1398
300350.SZ,2015-11-30,19.5,19.8,17.84,19.41,19.79,-0.379999999999999,-1.92,62510.27,215141.886
300350.SZ,2015-12-01,19.28,19.55,18.78,19.12,19.41,-0.28999999999999915,-1.49,43956.8,151624.8953
300350.SZ,2015-12-02,19.12,19.25,17.61,18.72,19.12,-0.40000000000000213,-2.09,30728.83,103165.1908
300350.SZ,2015-12-03,18.81,19.55,18.81,19.4,18.72,0.6799999999999997,3.63,37433.79,130238.1238
300350.SZ,2015-12-04,19.4,19.77,19.04,19.11,19.4,-0.28999999999999915,-1.49,33131.27,116129.657
300350.SZ,2015-12-07,19.28,19.66,18.83,19.58,19.11,0.46999999999999886,2.46,36132.69,126274.0994
300350.SZ,2015-12-08,19.39,19.39,18.61,18.83,19.58,-0.75,-3.83,32606.11,111463.5573
300350.SZ,2015-12-09,18.59,18.87,18.17,18.25,18.83,-0.5799999999999983,-3.08,28329.07,94772.7327
300350.SZ,2015-12-10,18.31,18.83,18.31,18.54,18.25,0.28999999999999915,1.59,29145.31,97936.3076
300350.SZ,2015-12-11,18.31,19.52,18.28,19.05,18.54,0.5100000000000016,2.75,40499.81,137969.6289
300350.SZ,2015-12-14,18.78,19.33,18.29,19.27,19.05,0.21999999999999886,1.15,32411.73,109404.886
300350.SZ,2015-12-15,19.25,19.82,19.14,19.19,19.27,-0.0799999999999983,-0.42,33212.81,116501.0966
300350.SZ,2015-12-16,19.27,19.8,19.17,19.36,19.19,0.16999999999999815,0.89,39409.89,138275.0986
300350.SZ,2015-12-17,19.45,21.3,19.45,21.3,19.36,1.9400000000000013,10.02,93178.99,352562.9223
300350.SZ,2015-12-18,21.72,22.64,21.41,22.1,21.3,0.8000000000000007,3.76,138988.74,550359.9005
300350.SZ,2015-12-21,21.6,22.0,21.38,21.69,22.1,-0.41000000000000014,-1.86,65354.1,255944.8708
300350.SZ,2015-12-22,21.69,21.96,20.92,21.49,21.69,-0.20000000000000284,-0.92,49683.09,192139.7407
300350.SZ,2015-12-23,21.34,21.52,20.0,20.35,21.49,-1.139999999999997,-5.3,57634.98,216544.1902
300350.SZ,2015-12-24,20.38,20.94,19.72,20.74,20.35,0.389999999999997,1.92,39598.41,145289.3524
300350.SZ,2015-12-25,20.63,21.39,20.41,21.02,20.74,0.28000000000000114,1.35,45255.64,171289.9316
300350.SZ,2015-12-28,21.02,21.18,19.87,19.89,21.02,-1.129999999999999,-5.38,39889.86,148655.1804
300350.SZ,2015-12-29,19.66,20.05,19.11,19.91,19.89,0.019999999999999574,0.1,35364.37,125094.9896
300350.SZ,2015-12-30,19.94,20.22,19.69,20.08,19.91,0.16999999999999815,0.85,32583.96,117384.8541
300350.SZ,2015-12-31,20.15,20.15,19.09,19.09,20.08,-0.9899999999999984,-4.93,34128.68,120046.3543
300350.SZ,2016-01-04,19.02,19.29,17.18,17.18,19.09,-1.9100000000000001,-10.01,30201.25,98355.6155
300350.SZ,2016-01-05,15.79,16.81,15.47,15.85,17.18,-1.33,-7.74,46360.67,134134.2392
300350.SZ,2016-01-06,16.06,16.62,15.51,16.62,15.85,0.7700000000000014,4.86,39231.78,114227.0533
300350.SZ,2016-01-07,16.14,16.4,14.96,14.96,16.62,-1.6600000000000001,-9.99,10085.0,28209.8011
300350.SZ,2016-01-08,15.29,15.65,13.52,14.81,14.96,-0.15000000000000036,-1.0,36080.96,96378.2599
300350.SZ,2016-01-11,14.4,14.78,13.33,13.33,14.81,-1.4800000000000004,-9.99,32656.23,82059.4808
300350.SZ,2016-01-12,13.33,13.78,13.08,13.62,13.33,0.28999999999999915,2.18,33591.54,81653.2005
300350.SZ,2016-01-13,13.73,13.95,12.61,12.74,13.62,-0.879999999999999,-6.46,30574.23,73858.8474
300350.SZ,2016-01-14,12.41,14.01,12.24,13.88,12.74,1.1400000000000006,8.95,39144.84,93592.7129
300350.SZ,2016-01-15,13.76,13.9,12.74,13.18,13.88,-0.7000000000000011,-5.04,40795.14,99020.3042
300350.SZ,2016-01-18,13.04,14.5,12.81,14.19,13.18,1.0099999999999998,7.66,52935.63,134137.793
300350.SZ,2016-01-19,14.12,14.89,13.75,14.77,14.19,0.5800000000000001,4.09,62425.91,161209.2745
300350.SZ,2016-01-20,14.43,15.12,14.4,14.59,14.77,-0.17999999999999972,-1.22,45566.31,121221.9428
300350.SZ,2016-01-21,14.15,15.06,14.03,14.03,14.59,-0.5600000000000005,-3.84,38836.68,102140.579
300350.SZ,2016-01-22,14.32,14.57,13.74,14.43,14.03,0.40000000000000036,2.85,25082.28,64309.8532
300350.SZ,2016-01-25,14.79,14.94,14.5,14.65,14.43,0.22000000000000064,1.52,26927.97,71449.6856
300350.SZ,2016-01-26,14.1,14.46,13.19,13.24,14.65,-1.4100000000000001,-9.62,32113.81,80263.4504
300350.SZ,2016-01-27,13.38,14.56,13.38,14.56,13.24,1.3200000000000003,9.97,95447.26,248930.8828
300350.SZ,2016-01-28,15.05,15.38,13.74,13.76,14.56,-0.8000000000000007,-5.49,104195.09,277399.6224
300350.SZ,2016-01-29,13.29,14.73,12.74,14.47,13.76,0.7100000000000009,5.16,76702.38,189590.361
300350.SZ,2016-02-01,14.16,14.26,13.29,13.71,14.47,-0.7599999999999998,-5.25,49003.91,122501.4466
300350.SZ,2016-02-02,13.82,14.96,13.71,14.73,13.71,1.0199999999999996,7.44,56758.07,147758.2147
300350.SZ,2016-02-03,14.35,14.78,14.18,14.73,14.73,0.0,0.0,46942.97,122582.1605
300350.SZ,2016-02-04,14.77,15.4,14.77,14.98,14.73,0.25,1.7,58500.22,158935.6654
300350.SZ,2016-02-05,14.96,15.04,14.48,14.5,14.98,-0.4800000000000004,-3.2,35555.26,94547.7163
300350.SZ,2016-02-15,13.85,14.46,13.49,14.17,14.5,-0.33000000000000007,-2.28,28935.33,73078.4313
300350.SZ,2016-02-16,14.32,15.59,14.2,15.59,14.17,1.42,10.02,55557.67,151973.4868
300350.SZ,2016-02-17,15.73,15.8,15.24,15.8,15.59,0.21000000000000085,1.35,73271.04,205634.3607
300350.SZ,2016-02-18,16.06,16.06,15.34,15.38,15.8,-0.41999999999999993,-2.66,56266.74,158738.5876
300350.SZ,2016-02-19,15.29,15.78,15.24,15.55,15.38,0.16999999999999993,1.11,42586.64,119277.8256
300350.SZ,2016-02-22,15.79,16.01,15.5,15.95,15.55,0.3999999999999986,2.57,55211.51,156965.0653
300350.SZ,2016-02-23,15.84,16.61,15.68,16.24,15.95,0.28999999999999915,1.82,68422.32,199404.5451
300350.SZ,2016-02-24,16.31,16.31,15.32,15.84,16.24,-0.3999999999999986,-2.46,57699.45,163771.0561
300350.SZ,2016-02-25,15.73,15.73,14.25,14.25,15.84,-1.5899999999999999,-10.04,46216.99,125272.1681
300350.SZ,2016-02-26,14.33,14.45,13.3,13.63,14.25,-0.6199999999999992,-4.35,39489.86,99055.2615
300350.SZ,2016-02-29,13.46,13.65,12.3,12.41,13.63,-1.2200000000000006,-8.95,34883.59,79987.6483
300350.SZ,2016-03-01,12.53,13.19,12.19,12.94,12.41,0.5299999999999994,4.27,30260.46,69307.8413
300350.SZ,2016-03-02,12.93,13.73,12.77,13.53,12.94,0.5899999999999999,4.56,35671.66,85146.3546
300350.SZ,2016-03-03,13.62,14.12,13.46,13.52,13.53,-0.009999999999999787,-0.07,39791.89,98377.02
300350.SZ,2016-03-04,13.53,13.62,12.36,12.63,13.52,-0.8899999999999988,-6.58,33656.77,79128.001
300350.SZ,2016-03-07,12.85,13.43,12.85,13.09,12.63,0.4599999999999991,3.64,28509.26,67651.1857
300350.SZ,2016-03-08,13.03,13.29,12.19,13.21,13.09,0.120000000000001,0.92,32333.3,74858.7188
300350.SZ,2016-03-09,12.81,13.29,12.75,12.87,13.21,-0.34000000000000163,-2.57,20843.53,48912.4025
300350.SZ,2016-03-10,12.9,13.15,12.67,12.68,12.87,-0.1899999999999995,-1.48,19352.88,45170.4991
300350.SZ,2016-03-11,12.56,12.87,12.3,12.73,12.68,0.05000000000000071,0.39,16091.74,36759.1108
300350.SZ,2016-03-14,12.96,13.74,12.96,13.48,12.73,0.75,5.89,32154.78,78113.3235
300350.SZ,2016-03-15,13.3,13.71,13.3,13.46,13.48,-0.019999999999999574,-0.15,34096.8,83234.9616
300350.SZ,2016-03-16,13.83,13.96,13.07,13.11,13.46,-0.3500000000000014,-2.6,25188.54,60898.3789
300350.SZ,2016-03-17,13.21,14.1,13.13,13.83,13.11,0.7200000000000006,5.49,43227.13,106765.6403
300350.SZ,2016-03-18,13.81,14.83,13.78,14.51,13.83,0.6799999999999997,4.92,67409.1,174403.1538
300350.SZ,2016-03-21,15.18,15.18,14.57,14.95,14.51,0.4399999999999995,3.03,58174.5,155447.3908
300350.SZ,2016-03-22,14.68,15.23,14.6,14.86,14.95,-0.08999999999999986,-0.6,46829.63,126074.9542
300350.SZ,2016-03-23,14.79,15.73,14.72,15.46,14.86,0.6000000000000014,4.04,65553.43,180475.6056
300350.SZ,2016-03-24,15.0,16.01,15.0,15.48,15.46,0.019999999999999574,0.13,82636.35,231752.8603
300350.SZ,2016-03-25,15.24,15.55,15.06,15.29,15.48,-0.19000000000000128,-1.23,28154.79,77629.5689
300350.SZ,2016-03-28,15.3,15.61,14.77,14.79,15.29,-0.5,-3.27,31440.08,86404.4057
300350.SZ,2016-03-29,14.81,14.93,14.14,14.3,14.79,-0.48999999999999844,-3.31,27537.23,71617.1622
300350.SZ,2016-03-30,14.67,15.09,14.48,15.07,14.3,0.7699999999999996,5.38,27674.64,73934.2993
300350.SZ,2016-03-31,15.32,15.62,15.11,15.12,15.07,0.049999999999998934,0.33,33952.87,93678.2461
300350.SZ,2016-04-01,15.11,15.26,14.42,14.88,15.12,-0.23999999999999844,-1.59,27616.6,73723.0255
300350.SZ,2016-04-05,14.89,15.67,14.89,15.53,14.88,0.6499999999999986,4.37,39494.24,109588.8013
300350.SZ,2016-04-06,15.4,16.04,15.35,15.89,15.53,0.3600000000000012,2.32,47989.15,136516.9318
300350.SZ,2016-04-07,15.84,15.84,15.24,15.34,15.89,-0.5500000000000007,-3.46,43409.61,121506.7488
300350.SZ,2016-04-08,15.22,15.3,14.89,15.15,15.34,-0.1899999999999995,-1.24,25580.8,69591.8998
300350.SZ,2016-04-11,15.5,15.73,15.15,15.69,15.15,0.5399999999999991,3.56,35286.48,99144.0367
300350.SZ,2016-04-12,15.63,15.75,15.23,15.4,15.69,-0.28999999999999915,-1.85,24710.73,68743.5199
300350.SZ,2016-04-13,15.52,16.01,15.52,15.59,15.4,0.1899999999999995,1.23,45797.34,130291.07
300350.SZ,2016-04-14,15.63,15.94,15.61,15.85,15.59,0.2599999999999998,1.67,35006.87,99665.5724
300350.SZ,2016-04-15,15.89,16.01,15.63,15.87,15.85,0.019999999999999574,0.13,30971.0,88255.2067
300350.SZ,2016-04-18,15.76,15.9,15.24,15.56,15.87,-0.3099999999999987,-1.95,26452.41,74427.6625
300350.SZ,2016-04-19,15.68,15.73,15.27,15.41,15.56,-0.15000000000000036,-0.96,23611.03,65896.9752
300350.SZ,2016-04-20,15.68,15.68,13.9,13.95,15.41,-1.4600000000000009,-9.47,47224.6,123363.0344
300350.SZ,2016-04-21,13.9,14.29,13.71,13.76,13.95,-0.1899999999999995,-1.36,27948.62,70617.3363
300350.SZ,2016-04-22,13.77,14.16,13.77,14.03,13.76,0.2699999999999996,1.96,21874.65,55169.4199
300350.SZ,2016-04-25,13.97,14.78,13.49,14.42,14.03,0.39000000000000057,2.78,34175.25,86521.7451
300350.SZ,2016-04-26,14.6,15.86,14.6,15.86,14.42,1.4399999999999995,9.99,35123.67,99433.9666
300350.SZ,2016-04-27,16.58,17.45,16.53,17.45,15.86,1.5899999999999999,10.03,83777.0,256478.1121
300350.SZ,2016-04-28,18.05,18.23,16.72,17.38,17.45,-0.07000000000000028,-0.4,117745.05,367591.7115
300350.SZ,2016-04-29,17.38,17.43,16.79,16.82,17.38,-0.5599999999999987,-3.22,63780.83,196750.1894
300350.SZ,2016-05-03,16.7,17.88,16.7,17.53,16.82,0.7100000000000009,4.22,78604.07,245539.3536
300350.SZ,2016-05-04,17.5,17.77,17.06,17.1,17.53,-0.4299999999999997,-2.45,56741.87,178154.9803
300350.SZ,2016-05-05,17.34,17.89,16.89,17.74,17.1,0.639999999999997,3.74,55486.05,174497.2463
300350.SZ,2016-05-06,17.51,17.6,16.24,16.26,17.74,-1.4799999999999969,-8.34,55605.09,170292.4341
300350.SZ,2016-05-09,15.95,17.44,15.13,16.91,16.26,0.6499999999999986,4.0,74401.05,221188.9588
300350.SZ,2016-05-10,17.42,18.59,16.89,17.29,16.91,0.379999999999999,2.25,83133.62,267297.3571
300350.SZ,2016-05-11,16.89,17.96,16.62,17.95,17.29,0.6600000000000001,3.82,73405.42,229465.6095
300350.SZ,2016-05-12,17.34,17.49,16.62,16.98,17.95,-0.9699999999999989,-5.4,65228.16,200439.5735
300350.SZ,2016-05-13,16.94,17.34,16.7,17.03,16.98,0.05000000000000071,0.29,57340.88,176511.964
300350.SZ,2016-05-16,16.7,16.7,16.04,16.45,17.03,-0.5800000000000018,-3.41,68199.48,201197.2393
300350.SZ,2016-05-17,16.61,16.63,15.55,15.79,16.45,-0.6600000000000001,-4.01,61373.61,177292.4239
300350.SZ,2016-05-18,15.79,16.01,14.41,14.73,15.79,-1.0599999999999987,-6.71,45474.02,125722.8156
300350.SZ,2016-05-19,14.76,15.5,14.48,15.39,14.73,0.6600000000000001,4.48,54203.96,147901.254
300350.SZ,2016-05-20,15.02,15.5,14.9,15.45,15.39,0.05999999999999872,0.39,36093.52,99472.6518
300350.SZ,2016-05-23,15.58,17.0,15.58,17.0,15.45,1.5500000000000007,10.03,55592.69,168453.2581
300350.SZ,2016-05-24,17.76,17.99,17.23,17.65,17.0,0.6499999999999986,3.82,93207.76,296166.2459
300350.SZ,2016-05-25,17.69,18.13,17.34,17.6,17.65,-0.04999999999999716,-0.28,77344.46,248316.088
300350.SZ,2016-05-26,17.37,18.54,17.35,17.95,17.6,0.34999999999999787,1.99,77287.72,250493.0511
300350.SZ,2016-05-27,17.84,18.25,17.34,17.75,17.95,-0.1999999999999993,-1.11,56692.38,181904.3454
300350.SZ,2016-05-30,17.44,17.7,16.94,17.24,17.75,-0.5100000000000016,-2.87,31551.96,98885.7681
300350.SZ,2016-05-31,17.61,18.67,17.34,18.45,17.24,1.2100000000000009,7.02,61057.89,200589.4161
300350.SZ,2016-06-01,18.22,19.75,18.06,19.04,18.45,0.5899999999999999,3.2,66667.22,228891.6273
300350.SZ,2016-06-02,19.11,19.25,18.74,19.17,19.04,0.13000000000000256,0.68,45724.85,157060.7059
300350.SZ,2016-06-03,19.02,19.66,18.6,19.21,19.17,0.03999999999999915,0.21,55652.7,191077.3272
300350.SZ,2016-06-06,19.22,19.23,18.28,18.61,19.21,-0.6000000000000014,-3.12,44455.16,150306.0362
300350.SZ,2016-06-07,18.78,18.99,18.17,18.89,18.61,0.28000000000000114,1.5,38739.78,129680.8138
300350.SZ,2016-06-08,18.73,18.87,18.28,18.43,18.89,-0.46000000000000085,-2.44,32398.65,108673.7879
300350.SZ,2016-06-13,17.95,18.17,16.58,16.59,18.43,-1.8399999999999999,-9.98,37512.58,119331.5596
300350.SZ,2016-06-14,16.34,16.88,16.12,16.88,16.59,0.28999999999999915,1.75,38230.86,114298.8321
300350.SZ,2016-06-15,16.67,18.57,16.51,18.57,16.88,1.6900000000000013,10.01,52005.42,167649.436
300350.SZ,2016-06-16,18.37,19.3,18.14,18.3,18.57,-0.2699999999999996,-1.45,60179.8,202665.9425
300350.SZ,2016-06-17,18.67,18.82,18.05,18.32,18.3,0.019999999999999574,0.11,38896.13,129525.3543
300350.SZ,2016-06-20,18.2,20.15,18.2,20.15,18.32,1.8299999999999983,9.99,109870.76,396879.0242
300350.SZ,2016-06-21,20.49,20.49,19.34,19.72,20.15,-0.4299999999999997,-2.13,97441.79,348315.3173
300350.SZ,2016-06-22,19.6,21.62,19.33,20.74,19.72,1.0199999999999996,5.17,118035.01,440504.8299
300350.SZ,2016-06-23,20.87,21.84,20.16,20.39,20.74,-0.34999999999999787,-1.69,71414.81,269865.5644
300350.SZ,2016-06-24,20.51,20.75,18.99,20.38,20.38,0.0,0.0,92663.91,335123.5083
300350.SZ,2016-06-27,20.07,20.73,19.74,20.65,20.38,0.2699999999999996,1.32,63541.65,233536.1658
300350.SZ,2016-06-28,20.47,20.64,19.99,20.39,20.65,-0.259999999999998,-1.26,52862.84,193500.863
300350.SZ,2016-06-29,20.54,20.54,19.93,20.04,20.39,-0.3500000000000014,-1.72,45147.18,163609.4094
300350.SZ,2016-06-30,20.04,20.4,19.49,19.79,20.04,-0.25,-1.25,45712.75,163879.0646
300350.SZ,2016-07-01,19.9,20.24,19.41,19.68,19.79,-0.10999999999999943,-0.56,33362.21,119117.2045
300350.SZ,2016-07-04,19.55,20.43,19.47,20.32,19.68,0.6400000000000006,3.25,49331.58,178211.5283
300350.SZ,2016-07-05,20.35,20.5,19.91,20.02,20.32,-0.3000000000000007,-1.48,39702.51,143721.2517
300350.SZ,2016-07-06,19.99,19.99,19.59,19.83,20.02,-0.19000000000000128,-0.95,29751.77,105690.3304
300350.SZ,2016-07-07,19.83,20.02,19.41,19.88,19.83,0.05000000000000071,0.25,43027.34,153030.9747
300350.SZ,2016-07-08,19.85,20.63,19.56,20.58,19.88,0.6999999999999993,3.52,68301.79,250336.1515
300350.SZ,2016-07-11,20.61,20.72,19.57,19.66,20.58,-0.9199999999999982,-4.47,59142.58,214058.0465
300350.SZ,2016-07-12,19.68,19.74,18.36,19.45,19.66,-0.21000000000000085,-1.07,67431.23,231253.3035
300350.SZ,2016-07-13,19.41,19.47,18.96,19.28,19.45,-0.16999999999999815,-0.87,36985.88,128410.9734
300350.SZ,2016-07-14,19.3,19.46,18.96,19.16,19.28,-0.120000000000001,-0.62,34661.56,119785.4548
300350.SZ,2016-07-15,19.27,19.54,19.09,19.42,19.16,0.26000000000000156,1.36,37694.22,131618.3612
300350.SZ,2016-07-18,19.28,19.3,18.69,18.91,19.42,-0.5100000000000016,-2.63,38049.0,130264.9072
300350.SZ,2016-07-19,18.85,19.33,18.82,19.28,18.91,0.370000000000001,1.96,32220.16,110967.301
300350.SZ,2016-07-20,19.32,19.83,19.32,19.52,19.28,0.23999999999999844,1.24,39895.18,141093.1325
300350.SZ,2016-07-21,19.89,20.32,19.41,19.43,19.52,-0.08999999999999986,-0.46,60938.89,218096.297
300350.SZ,2016-07-22,19.07,19.13,18.58,18.63,19.43,-0.8000000000000007,-4.12,49441.77,167253.0648
300350.SZ,2016-07-25,18.57,18.91,18.44,18.9,18.63,0.2699999999999996,1.45,28103.45,94797.0227
300350.SZ,2016-07-26,19.02,19.07,18.8,19.0,18.9,0.10000000000000142,0.53,19382.71,66245.8011
300350.SZ,2016-07-27,19.02,19.1,17.09,17.24,19.0,-1.7600000000000016,-9.26,51984.16,168702.8005
300350.SZ,2016-07-28,17.23,17.37,15.89,16.59,17.24,-0.6499999999999986,-3.77,44888.18,134457.577
300350.SZ,2016-07-29,16.71,17.37,16.58,16.97,16.59,0.379999999999999,2.29,47383.34,145040.1099
300350.SZ,2016-08-01,16.86,16.86,16.01,16.62,16.97,-0.34999999999999787,-2.06,27262.28,80465.426
300350.SZ,2016-08-02,16.61,16.78,16.35,16.67,16.62,0.05000000000000071,0.3,18290.25,54872.3066
300350.SZ,2016-08-03,16.63,16.71,16.19,16.3,16.67,-0.370000000000001,-2.22,34327.94,101403.2646
300350.SZ,2016-08-04,16.31,16.46,15.86,16.18,16.3,-0.120000000000001,-0.74,57167.78,165934.0279
300350.SZ,2016-08-05,16.18,16.34,15.74,15.87,16.18,-0.3100000000000005,-1.92,41724.29,120389.1965
300350.SZ,2016-08-08,15.8,16.01,15.45,16.01,15.87,0.14000000000000234,0.88,36219.56,102533.2201
300350.SZ,2016-08-09,16.01,16.19,15.92,16.19,16.01,0.17999999999999972,1.12,41069.5,119135.4021
300350.SZ,2016-08-10,16.19,16.35,16.0,16.08,16.19,-0.11000000000000298,-0.68,32116.7,93608.0141
300350.SZ,2016-08-11,16.16,16.16,15.6,15.61,16.08,-0.46999999999999886,-2.92,29000.2,82643.0244
300350.SZ,2016-08-12,15.58,15.84,15.57,15.75,15.61,0.14000000000000057,0.9,20645.52,58326.2355
300350.SZ,2016-08-15,15.8,16.67,15.59,16.5,15.75,0.75,4.76,53403.71,156938.9691
300350.SZ,2016-08-16,16.5,16.85,16.36,16.47,16.5,-0.030000000000001137,-0.18,37867.57,113197.1007
300350.SZ,2016-08-17,16.58,16.58,16.28,16.37,16.47,-0.09999999999999787,-0.61,21864.9,64689.8559
300350.SZ,2016-08-18,16.36,16.49,16.23,16.35,16.37,-0.019999999999999574,-0.12,24827.44,73115.381
300350.SZ,2016-08-19,16.49,17.45,16.25,17.01,16.35,0.6600000000000001,4.04,54457.62,165521.1891
300350.SZ,2016-08-22,16.67,16.88,16.08,16.09,17.01,-0.9200000000000017,-5.41,58661.36,172724.2017
300350.SZ,2016-08-23,16.02,16.25,15.92,16.11,16.09,0.019999999999999574,0.12,22484.58,65245.0874
300350.SZ,2016-08-24,16.13,16.31,16.08,16.19,16.11,0.08000000000000185,0.5,20982.43,61348.9173
300350.SZ,2016-08-25,16.13,16.13,15.74,15.92,16.19,-0.27000000000000135,-1.67,24480.59,69947.6766
300350.SZ,2016-08-26,15.94,16.27,15.9,15.97,15.92,0.05000000000000071,0.31,19455.32,56494.9005
300350.SZ,2016-08-29,16.01,16.13,15.91,16.06,15.97,0.08999999999999808,0.56,16035.05,46288.6224
300350.SZ,2016-08-30,16.0,16.23,15.95,16.12,16.06,0.060000000000002274,0.37,22211.91,64761.6167
300350.SZ,2016-08-31,16.12,16.15,15.74,15.92,16.12,-0.20000000000000107,-1.24,23721.18,67902.628
300350.SZ,2016-09-01,15.93,16.2,15.81,15.98,15.92,0.0600000000000005,0.38,25097.39,72626.8907
300350.SZ,2016-09-02,15.77,16.13,15.77,16.0,15.98,0.019999999999999574,0.13,18095.92,51910.6602
300350.SZ,2016-09-05,16.08,16.24,15.97,16.1,16.0,0.10000000000000142,0.63,17337.78,50385.7692
300350.SZ,2016-09-06,16.21,16.58,15.86,16.56,16.1,0.4599999999999973,2.86,35841.27,105629.7301
300350.SZ,2016-09-07,16.41,16.84,16.38,16.42,16.56,-0.13999999999999702,-0.85,36645.36,109823.7362
300350.SZ,2016-09-08,16.47,16.7,16.41,16.66,16.42,0.23999999999999844,1.46,30953.31,92711.4776
300350.SZ,2016-09-09,16.68,16.91,16.57,16.57,16.66,-0.08999999999999986,-0.54,29709.0,89588.1169
300350.SZ,2016-09-12,15.94,16.08,15.68,15.69,16.57,-0.8800000000000008,-5.31,31350.76,89900.3075
300350.SZ,2016-09-13,15.85,15.89,15.42,15.6,15.69,-0.08999999999999986,-0.57,35713.49,100583.8893
300350.SZ,2016-09-14,15.51,15.72,15.23,15.58,15.6,-0.019999999999999574,-0.13,22193.14,62084.854
300350.SZ,2016-09-19,15.59,15.84,15.58,15.81,15.58,0.23000000000000043,1.48,15409.95,43780.7042
300350.SZ,2016-09-20,15.82,15.91,15.6,15.67,15.81,-0.14000000000000057,-0.89,11156.52,31542.917
300350.SZ,2016-09-21,15.77,16.57,15.67,16.25,15.67,0.5800000000000001,3.7,55020.0,161307.5804
300350.SZ,2016-09-22,16.18,16.41,16.0,16.13,16.25,-0.120000000000001,-0.74,35955.97,104905.5534
300350.SZ,2016-09-23,16.22,16.24,16.01,16.01,16.13,-0.11999999999999744,-0.74,22776.74,66188.7192
300350.SZ,2016-09-26,15.91,16.0,15.41,15.52,16.01,-0.490000000000002,-3.06,32628.64,92254.2287
300350.SZ,2016-09-27,15.35,15.7,15.34,15.7,15.52,0.17999999999999972,1.16,19186.06,53828.9538
300350.SZ,2016-09-28,15.57,15.79,15.54,15.58,15.7,-0.11999999999999922,-0.76,12533.52,35279.8625
300350.SZ,2016-09-29,15.52,15.68,15.52,15.55,15.58,-0.02999999999999936,-0.19,12643.92,35553.1698
300350.SZ,2016-09-30,15.62,15.62,15.52,15.59,15.55,0.03999999999999915,0.26,10817.97,30378.681
300350.SZ,2016-10-10,15.75,16.36,15.72,16.29,15.59,0.6999999999999993,4.49,33690.23,97667.1962
300350.SZ,2016-10-11,16.2,16.91,16.16,16.55,16.29,0.26000000000000156,1.6,51670.21,153771.7351
300350.SZ,2016-10-12,16.41,16.58,16.19,16.28,16.55,-0.2699999999999996,-1.63,31106.66,91668.8258
300350.SZ,2016-10-13,16.28,16.55,16.22,16.23,16.28,-0.05000000000000071,-0.31,28251.53,83306.4207
300350.SZ,2016-10-14,16.23,17.35,16.1,17.11,16.23,0.879999999999999,5.42,76719.97,232013.8387
300350.SZ,2016-10-17,16.88,17.74,16.81,16.85,17.11,-0.259999999999998,-1.52,85762.55,267060.3739
300350.SZ,2016-10-18,16.84,17.11,16.53,17.08,16.85,0.22999999999999687,1.36,48239.32,146423.4275
300350.SZ,2016-10-19,17.05,17.15,16.68,16.77,17.08,-0.3099999999999987,-1.81,44510.18,135788.2563
300350.SZ,2016-10-20,16.69,16.89,16.64,16.69,16.77,-0.0799999999999983,-0.48,27124.21,81898.0834
300350.SZ,2016-10-21,16.63,16.98,16.35,16.49,16.69,-0.20000000000000284,-1.2,41486.23,124552.6644
300350.SZ,2016-10-24,16.5,16.88,16.5,16.82,16.49,0.33000000000000185,2.0,45268.5,136668.4544
300350.SZ,2016-10-25,16.78,17.08,16.68,16.78,16.82,-0.03999999999999915,-0.24,34624.66,105078.1882
300350.SZ,2016-10-26,16.69,16.74,16.41,16.51,16.78,-0.2699999999999996,-1.61,27925.77,83276.1797
300350.SZ,2016-10-27,16.55,16.68,16.43,16.65,16.51,0.13999999999999702,0.85,19481.05,58228.2205
300350.SZ,2016-10-28,16.64,16.67,16.42,16.48,16.65,-0.16999999999999815,-1.02,18651.25,55594.2159
300350.SZ,2016-10-31,16.47,16.58,16.41,16.58,16.48,0.09999999999999787,0.61,19977.17,59519.327
300350.SZ,2016-11-01,16.57,16.91,16.52,16.83,16.58,0.25,1.51,39182.9,118205.301
300350.SZ,2016-11-02,16.79,16.81,16.44,16.51,16.83,-0.31999999999999673,-1.9,35703.88,106844.234
300350.SZ,2016-11-03,16.36,17.02,15.89,16.86,16.51,0.34999999999999787,2.12,78999.78,234583.755
300350.SZ,2016-11-04,16.77,16.9,16.45,16.47,16.86,-0.39000000000000057,-2.31,41758.27,125355.619
300350.SZ,2016-11-07,16.47,16.47,15.81,15.88,16.47,-0.5899999999999981,-3.58,53838.0,155749.931
300350.SZ,2016-11-08,15.92,16.0,15.66,15.74,15.88,-0.14000000000000057,-0.88,51048.15,145519.224
300350.SZ,2016-11-09,15.79,15.8,15.34,15.52,15.74,-0.22000000000000064,-1.4,43219.23,121351.351
300350.SZ,2016-11-10,15.72,15.72,15.57,15.7,15.52,0.17999999999999972,1.16,32844.12,92780.916
300350.SZ,2016-11-11,15.7,15.86,15.52,15.83,15.7,0.13000000000000078,0.83,41661.97,117641.251
300350.SZ,2016-11-14,15.79,15.97,15.71,15.81,15.83,-0.019999999999999574,-0.13,39540.27,113001.849
300350.SZ,2016-11-15,15.78,15.85,15.35,15.79,15.81,-0.02000000000000135,-0.13,44481.21,125237.605
300350.SZ,2016-11-16,15.79,15.94,15.76,15.82,15.79,0.030000000000001137,0.19,46582.43,133296.303
300350.SZ,2016-11-17,15.8,15.8,15.54,15.62,15.82,-0.20000000000000107,-1.26,26930.73,75757.12
300350.SZ,2016-11-18,15.69,17.19,15.57,16.55,15.62,0.9300000000000015,5.95,156714.89,470868.29
300350.SZ,2016-11-21,16.55,17.17,16.38,16.91,16.55,0.35999999999999943,2.18,151345.04,462035.344
300350.SZ,2016-11-22,16.97,17.27,16.72,16.93,16.91,0.019999999999999574,0.12,100266.42,307074.407
300350.SZ,2016-11-23,16.88,16.88,16.65,16.79,16.93,-0.14000000000000057,-0.83,59066.77,178484.232
300350.SZ,2016-11-24,16.72,16.78,16.48,16.65,16.79,-0.14000000000000057,-0.83,49786.4,149090.686
300350.SZ,2016-11-25,16.53,17.02,16.19,16.96,16.65,0.3100000000000023,1.86,70527.54,212498.935
300350.SZ,2016-11-28,16.93,16.98,16.67,16.72,16.96,-0.240000000000002,-1.42,42377.81,128509.574
300350.SZ,2016-11-29,16.68,16.92,16.57,16.77,16.72,0.05000000000000071,0.3,44819.52,135430.759
300350.SZ,2016-11-30,16.61,17.02,16.42,16.94,16.77,0.1700000000000017,1.01,43582.86,132261.455
300350.SZ,2016-12-01,16.86,17.0,16.68,16.71,16.94,-0.23000000000000043,-1.36,35867.08,108958.944
300350.SZ,2016-12-02,16.63,16.77,15.69,15.69,16.71,-1.0200000000000014,-6.1,63035.36,183115.385
300350.SZ,2016-12-05,15.68,15.96,15.52,15.72,15.69,0.030000000000001137,0.19,25979.34,73951.384
300350.SZ,2016-12-06,15.81,15.91,15.67,15.68,15.72,-0.040000000000000924,-0.25,21537.17,61241.206
300350.SZ,2016-12-07,15.79,15.94,15.65,15.91,15.68,0.23000000000000043,1.47,19452.62,55462.876
300350.SZ,2016-12-08,15.91,15.91,15.66,15.68,15.91,-0.23000000000000043,-1.45,16573.03,47163.115
300350.SZ,2016-12-09,15.67,15.86,15.54,15.76,15.68,0.08000000000000007,0.51,18620.92,52834.055
300350.SZ,2016-12-12,15.76,15.77,14.46,14.49,15.76,-1.2699999999999996,-8.06,37191.28,101184.271
300350.SZ,2016-12-13,14.48,14.48,13.93,14.18,14.49,-0.3100000000000005,-2.14,26062.32,66611.199
300350.SZ,2016-12-14,14.22,14.29,13.67,13.7,14.18,-0.4800000000000004,-3.39,26632.65,66643.366
300350.SZ,2016-12-15,13.65,14.14,13.65,13.87,13.7,0.16999999999999993,1.24,21731.37,54558.992
300350.SZ,2016-12-16,13.79,14.13,13.75,14.07,13.87,0.20000000000000107,1.44,17094.66,43253.785
300350.SZ,2016-12-19,14.03,14.07,13.79,13.89,14.07,-0.17999999999999972,-1.28,15346.39,38590.051
300350.SZ,2016-12-20,13.85,14.08,13.82,14.06,13.89,0.16999999999999993,1.22,13221.98,33391.886
300350.SZ,2016-12-21,14.09,14.31,14.03,14.18,14.06,0.11999999999999922,0.85,14691.82,37512.716
300350.SZ,2016-12-22,14.11,14.19,13.87,13.93,14.18,-0.25,-1.76,14173.47,35695.156
300350.SZ,2016-12-23,13.97,13.97,13.75,13.76,13.93,-0.16999999999999993,-1.22,16382.09,40879.242
300350.SZ,2016-12-26,13.81,13.89,13.31,13.85,13.76,0.08999999999999986,0.65,17427.24,42581.507
300350.SZ,2016-12-27,13.81,13.9,13.73,13.83,13.85,-0.019999999999999574,-0.14,10839.54,27054.412
300350.SZ,2016-12-28,13.78,13.94,13.78,13.84,13.83,0.009999999999999787,0.07,11087.95,27763.176
300350.SZ,2016-12-29,13.73,13.94,13.73,13.8,13.84,-0.03999999999999915,-0.29,8766.93,21935.417
300350.SZ,2016-12-30,13.72,13.91,13.7,13.79,13.8,-0.010000000000001563,-0.07,10460.51,26059.649
300350.SZ,2017-01-03,13.81,14.06,13.81,14.03,13.79,0.2400000000000002,1.74,13030.05,32752.254
300350.SZ,2017-01-04,14.03,14.22,13.95,14.12,14.03,0.08999999999999986,0.64,16224.36,41248.737
300350.SZ,2017-01-05,14.17,14.6,14.09,14.21,14.12,0.09000000000000163,0.64,21601.15,55796.612
300350.SZ,2017-01-06,14.17,14.26,13.87,13.89,14.21,-0.3200000000000003,-2.25,17788.72,44847.002
300350.SZ,2017-01-09,13.86,14.08,13.64,13.87,13.89,-0.02000000000000135,-0.14,12910.8,32155.09
300350.SZ,2017-01-10,13.88,13.97,13.77,13.78,13.87,-0.08999999999999986,-0.65,10810.46,27035.782
300350.SZ,2017-01-11,13.79,13.92,13.67,13.78,13.78,0.0,0.0,12256.11,30502.284
300350.SZ,2017-01-12,13.68,13.86,13.67,13.67,13.78,-0.10999999999999943,-0.8,10916.85,27120.194
300350.SZ,2017-01-13,13.73,13.73,12.84,12.84,13.67,-0.8300000000000001,-6.07,27401.42,65112.399
300350.SZ,2017-01-16,12.78,12.84,11.55,11.72,12.84,-1.1199999999999992,-8.72,45470.89,98390.247
300350.SZ,2017-01-17,11.74,12.02,11.19,11.76,11.72,0.03999999999999915,0.34,44900.48,94396.951
300350.SZ,2017-01-18,11.83,11.99,11.64,11.67,11.76,-0.08999999999999986,-0.77,27144.22,57823.982
300350.SZ,2017-01-19,11.69,11.9,11.42,11.7,11.67,0.02999999999999936,0.26,17410.97,36625.702
300350.SZ,2017-01-20,11.74,12.3,11.63,12.07,11.7,0.370000000000001,3.16,32361.45,70575.011
300350.SZ,2017-01-23,12.08,12.26,12.07,12.14,12.07,0.07000000000000028,0.58,20241.11,44429.308
300350.SZ,2017-01-24,12.2,12.2,11.68,11.93,12.14,-0.21000000000000085,-1.73,18582.61,40140.979
300350.SZ,2017-01-25,11.99,12.19,11.87,12.02,11.93,0.08999999999999986,0.75,15380.56,33410.679
300350.SZ,2017-01-26,12.1,12.25,12.09,12.23,12.02,0.21000000000000085,1.75,15465.22,34002.671
300350.SZ,2017-02-03,12.32,12.36,12.08,12.2,12.23,-0.030000000000001137,-0.25,13094.6,28755.982
300350.SZ,2017-02-06,12.24,12.35,12.1,12.33,12.2,0.13000000000000078,1.07,15560.82,34383.993
300350.SZ,2017-02-07,12.32,12.33,12.1,12.15,12.33,-0.17999999999999972,-1.46,15915.19,34924.494
300350.SZ,2017-02-08,12.17,12.39,12.03,12.33,12.15,0.17999999999999972,1.48,19974.25,44025.642
300350.SZ,2017-02-09,12.32,12.65,12.23,12.6,12.33,0.2699999999999996,2.19,26303.61,59038.128
300350.SZ,2017-02-10,12.59,12.59,12.36,12.44,12.6,-0.16000000000000014,-1.27,20579.53,46151.771
300350.SZ,2017-02-13,12.5,12.63,12.32,12.54,12.44,0.09999999999999964,0.8,14932.98,33695.89
300350.SZ,2017-02-14,12.55,12.6,12.4,12.45,12.54,-0.08999999999999986,-0.72,13490.44,30298.218
300350.SZ,2017-02-15,12.48,12.5,12.15,12.19,12.45,-0.2599999999999998,-2.09,17950.9,39957.208
300350.SZ,2017-02-16,12.14,12.35,12.09,12.27,12.19,0.08000000000000007,0.66,14817.21,32772.588
300350.SZ,2017-02-17,12.29,13.5,12.29,12.61,12.27,0.33999999999999986,2.77,51513.72,119821.486
300350.SZ,2017-02-20,12.5,12.99,12.5,12.59,12.61,-0.019999999999999574,-0.16,30189.88,69094.793
300350.SZ,2017-02-21,12.72,12.84,12.59,12.84,12.59,0.25,1.99,27398.35,63037.665
300350.SZ,2017-02-22,12.87,12.87,12.58,12.7,12.84,-0.14000000000000057,-1.09,24687.88,56599.006
300350.SZ,2017-02-23,12.73,12.79,12.58,12.74,12.7,0.040000000000000924,0.31,18669.44,42614.109
300350.SZ,2017-02-24,12.73,13.07,12.69,12.91,12.74,0.16999999999999993,1.33,31364.14,72910.242
300350.SZ,2017-02-27,12.92,13.22,12.71,12.8,12.91,-0.10999999999999943,-0.85,32064.13,74995.127
300350.SZ,2017-02-28,12.75,13.6,12.69,13.33,12.8,0.5299999999999994,4.14,61146.7,146103.091
300350.SZ,2017-03-01,13.31,13.69,13.14,13.15,13.33,-0.17999999999999972,-1.35,63798.08,153708.02
300350.SZ,2017-03-02,13.15,13.15,12.85,12.89,13.15,-0.2599999999999998,-1.98,30144.06,70345.549
300350.SZ,2017-03-03,12.89,12.94,12.64,12.87,12.89,-0.02000000000000135,-0.16,20299.07,46830.615
300350.SZ,2017-03-06,12.87,13.07,12.75,13.04,12.87,0.16999999999999993,1.32,22250.9,52173.135
300350.SZ,2017-03-07,13.03,13.1,12.89,13.06,13.04,0.02000000000000135,0.15,18698.38,43789.007
300350.SZ,2017-03-08,13.07,13.1,12.89,12.92,13.06,-0.14000000000000057,-1.07,14878.4,34770.311
300350.SZ,2017-03-09,13.0,13.0,12.74,12.8,12.92,-0.11999999999999922,-0.93,16415.01,37955.376
300350.SZ,2017-03-10,12.82,12.94,12.7,12.71,12.8,-0.08999999999999986,-0.7,14364.29,33167.281
300350.SZ,2017-03-13,12.76,12.86,12.49,12.84,12.71,0.129999999999999,1.02,16705.15,38400.74
300350.SZ,2017-03-14,12.84,13.0,12.76,12.8,12.84,-0.03999999999999915,-0.31,15416.25,35759.862
300350.SZ,2017-03-15,12.75,12.76,12.49,12.49,12.8,-0.3100000000000005,-2.42,29270.16,66358.241
300350.SZ,2017-03-16,12.5,12.63,12.5,12.61,12.49,0.11999999999999922,0.96,20862.01,47301.245
300350.SZ,2017-03-17,12.63,12.85,12.58,12.61,12.61,0.0,0.0,31138.11,71490.713
300350.SZ,2017-03-20,12.59,12.64,12.37,12.52,12.61,-0.08999999999999986,-0.71,26863.94,60435.33
300350.SZ,2017-03-21,12.51,12.56,12.32,12.44,12.52,-0.08000000000000007,-0.64,28374.27,63547.2
300350.SZ,2017-03-22,12.36,12.39,12.1,12.2,12.44,-0.2400000000000002,-1.93,18919.04,41784.077
300350.SZ,2017-03-23,12.21,12.4,12.09,12.33,12.2,0.13000000000000078,1.07,20117.25,44559.289
300350.SZ,2017-03-24,12.36,12.39,12.19,12.37,12.33,0.03999999999999915,0.32,18894.95,41906.773
300350.SZ,2017-03-27,12.56,12.94,12.55,12.61,12.37,0.2400000000000002,1.94,49275.19,112833.186
300350.SZ,2017-03-28,12.59,12.59,12.38,12.49,12.61,-0.11999999999999922,-0.95,22238.02,49974.454
300350.SZ,2017-03-29,12.45,12.45,12.21,12.22,12.49,-0.2699999999999996,-2.16,20958.82,46493.48
300350.SZ,2017-03-30,12.13,12.33,11.8,11.85,12.22,-0.370000000000001,-3.03,26839.71,57791.391
300350.SZ,2017-03-31,11.84,12.1,11.84,11.94,11.85,0.08999999999999986,0.76,15755.26,34072.99
300350.SZ,2017-04-05,11.93,12.19,11.85,12.16,11.94,0.22000000000000064,1.84,14166.17,30873.068
300350.SZ,2017-04-06,12.26,12.35,12.13,12.29,12.16,0.129999999999999,1.07,17802.46,39490.847
300350.SZ,2017-04-07,12.36,12.39,12.16,12.28,12.29,-0.009999999999999787,-0.08,15619.1,34595.651
300350.SZ,2017-04-10,12.28,12.33,11.89,11.93,12.28,-0.34999999999999964,-2.85,18082.81,39386.704
300350.SZ,2017-04-11,11.81,12.36,11.71,12.32,11.93,0.39000000000000057,3.27,27067.66,58794.123
300350.SZ,2017-04-12,12.34,12.95,12.18,12.3,12.32,-0.019999999999999574,-0.16,50553.73,115071.425
300350.SZ,2017-04-13,12.2,12.46,12.07,12.24,12.3,-0.0600000000000005,-0.49,22472.0,49808.666
300350.SZ,2017-04-14,12.31,12.32,11.95,11.99,12.24,-0.25,-2.04,21049.08,45746.59
300350.SZ,2017-04-17,12.1,12.1,11.64,11.71,11.99,-0.27999999999999936,-2.34,15258.26,32380.247
300350.SZ,2017-04-18,11.64,11.77,11.29,11.36,11.71,-0.3500000000000014,-2.99,16509.13,34371.008
300350.SZ,2017-04-19,11.36,11.4,11.02,11.16,11.36,-0.1999999999999993,-1.76,21006.83,42130.268
300350.SZ,2017-04-20,11.11,11.2,10.97,11.12,11.16,-0.040000000000000924,-0.36,16696.89,33353.948
300350.SZ,2017-04-21,11.14,11.16,10.64,10.73,11.12,-0.3899999999999988,-3.51,28267.73,55367.559
300350.SZ,2017-04-24,10.65,10.78,10.15,10.37,10.73,-0.3600000000000012,-3.36,17959.61,33738.087
300350.SZ,2017-04-25,10.22,10.63,10.22,10.53,10.37,0.16000000000000014,1.54,16213.55,30747.185
300350.SZ,2017-04-26,10.56,10.63,10.42,10.55,10.53,0.02000000000000135,0.19,9879.12,18738.583
300350.SZ,2017-04-27,10.51,10.75,10.19,10.7,10.55,0.14999999999999858,1.42,19676.45,37269.007
300350.SZ,2017-04-28,10.62,10.84,10.62,10.7,10.7,0.0,0.0,13588.16,26249.907
300350.SZ,2017-05-02,10.71,10.83,10.65,10.72,10.7,0.02000000000000135,0.19,13489.5,26163.251
300350.SZ,2017-05-03,10.73,10.86,10.7,10.81,10.72,0.08999999999999986,0.84,12013.79,23376.32
300350.SZ,2017-05-04,10.82,10.91,10.7,10.76,10.81,-0.05000000000000071,-0.46,10733.88,20945.561
300350.SZ,2017-05-05,10.81,10.84,10.56,10.57,10.76,-0.1899999999999995,-1.77,10090.57,19527.049
300350.SZ,2017-05-08,10.48,10.7,10.48,10.51,10.57,-0.0600000000000005,-0.57,10093.4,19288.111
300350.SZ,2017-05-09,10.32,10.81,10.32,10.74,10.51,0.23000000000000043,2.19,11694.0,22361.105
300350.SZ,2017-05-10,10.8,10.81,10.36,10.42,10.74,-0.3200000000000003,-2.98,12589.06,24102.989
300350.SZ,2017-05-11,10.23,10.37,9.71,10.19,10.42,-0.23000000000000043,-2.21,18938.35,34405.632
300350.SZ,2017-05-12,10.3,10.3,9.99,10.09,10.19,-0.09999999999999964,-0.98,12432.82,22751.258
300350.SZ,2017-05-15,10.17,10.24,9.99,10.1,10.09,0.009999999999999787,0.1,10147.58,18475.199
300350.SZ,2017-05-16,10.1,10.92,9.92,10.83,10.1,0.7300000000000004,7.23,26149.73,49512.335
300350.SZ,2017-05-17,10.95,11.06,10.65,10.74,10.83,-0.08999999999999986,-0.83,25255.5,49494.147
300350.SZ,2017-05-18,10.71,10.91,10.6,10.83,10.74,0.08999999999999986,0.84,20214.27,39449.835
300350.SZ,2017-05-19,10.8,10.89,10.42,10.63,10.83,-0.1999999999999993,-1.85,29006.01,31021.538
300350.SZ,2017-05-22,10.64,10.79,10.11,10.22,10.63,-0.41000000000000014,-3.86,27373.77,28717.39
300350.SZ,2017-05-23,10.08,10.58,9.93,10.0,10.22,-0.22000000000000064,-2.15,30785.4,31348.5
300350.SZ,2017-05-24,9.9,10.29,9.75,10.2,10.0,0.1999999999999993,2.0,23367.4,23426.489
300350.SZ,2017-05-25,10.2,10.24,9.77,10.14,10.2,-0.05999999999999872,-0.59,34153.38,34307.273
300350.SZ,2017-05-26,10.19,10.28,10.05,10.15,10.14,0.009999999999999787,0.1,20702.96,21018.848
300350.SZ,2017-05-31,10.3,10.35,10.0,10.04,10.15,-0.11000000000000121,-1.08,21920.8,22358.713
300350.SZ,2017-06-01,9.79,9.98,9.41,9.41,10.04,-0.629999999999999,-6.27,30844.43,30010.627
300350.SZ,2017-06-02,9.43,9.79,9.15,9.74,9.41,0.33000000000000007,3.51,36188.24,34257.661
300350.SZ,2017-06-05,9.74,9.92,9.69,9.87,9.74,0.129999999999999,1.33,26799.19,26309.586
300350.SZ,2017-06-06,9.8,9.94,9.8,9.9,9.87,0.030000000000001137,0.3,16794.9,16586.848
300350.SZ,2017-06-07,9.9,10.32,9.85,10.19,9.9,0.28999999999999915,2.93,45310.3,46025.909
300350.SZ,2017-06-08,10.22,10.88,10.13,10.33,10.19,0.14000000000000057,1.37,57901.12,60255.932
300350.SZ,2017-06-09,10.2,10.46,10.13,10.27,10.33,-0.0600000000000005,-0.58,33852.96,34801.098
300350.SZ,2017-06-12,10.25,10.25,9.76,9.78,10.27,-0.4900000000000002,-4.77,38734.85,38540.022
300350.SZ,2017-06-13,9.84,10.07,9.76,10.04,9.78,0.2599999999999998,2.66,32274.19,32126.304
300350.SZ,2017-06-14,10.02,10.27,10.02,10.24,10.04,0.20000000000000107,1.99,40443.24,41007.757
300350.SZ,2017-06-15,10.2,10.88,10.09,10.52,10.24,0.27999999999999936,2.73,70787.42,74533.0
300350.SZ,2017-06-16,10.6,10.6,10.31,10.46,10.52,-0.05999999999999872,-0.57,35244.96,36827.331
300350.SZ,2017-06-19,10.44,10.69,10.39,10.6,10.46,0.1399999999999988,1.34,39545.13,41754.407
300350.SZ,2017-06-20,10.66,10.82,10.44,10.49,10.6,-0.10999999999999943,-1.04,41731.48,44370.484
300350.SZ,2017-06-21,10.51,10.61,10.36,10.54,10.49,0.049999999999998934,0.48,23288.77,24406.421
300350.SZ,2017-06-22,10.46,10.54,10.15,10.15,10.54,-0.3899999999999988,-3.7,37031.4,38359.473
300350.SZ,2017-06-23,10.29,10.29,9.92,10.12,10.15,-0.030000000000001137,-0.3,33438.38,33749.89
300350.SZ,2017-06-26,10.07,10.27,10.01,10.25,10.12,0.13000000000000078,1.28,24286.1,24675.414
300350.SZ,2017-06-27,10.29,10.44,10.17,10.31,10.25,0.0600000000000005,0.59,23985.34,24671.095
300350.SZ,2017-06-28,10.25,10.26,10.01,10.08,10.31,-0.23000000000000043,-2.23,21089.6,21313.053
300350.SZ,2017-06-29,10.13,10.26,9.97,10.21,10.08,0.13000000000000078,1.29,24007.29,24413.657
300350.SZ,2017-06-30,10.17,10.33,10.08,10.31,10.21,0.09999999999999964,0.98,23343.25,23895.945
300350.SZ,2017-07-03,10.31,10.53,10.21,10.52,10.31,0.20999999999999908,2.04,28217.98,29356.707
300350.SZ,2017-07-04,10.52,10.55,10.32,10.44,10.52,-0.08000000000000007,-0.76,22711.52,23704.874
300350.SZ,2017-07-05,10.28,10.31,10.07,10.28,10.44,-0.16000000000000014,-1.53,49822.89,50669.52
300350.SZ,2017-07-06,10.26,10.41,10.16,10.26,10.28,-0.019999999999999574,-0.19,37827.92,38879.75
300350.SZ,2017-07-07,10.35,10.39,10.15,10.25,10.26,-0.009999999999999787,-0.1,24355.56,25001.633
300350.SZ,2017-07-10,10.27,10.27,10.03,10.06,10.25,-0.1899999999999995,-1.85,39378.21,39765.633
300350.SZ,2017-07-11,10.12,10.57,10.06,10.53,10.06,0.46999999999999886,4.67,92339.99,95906.623
300350.SZ,2017-07-12,10.5,10.5,10.18,10.3,10.53,-0.22999999999999865,-2.18,54546.85,56218.094
300350.SZ,2017-07-13,10.49,11.18,10.45,10.94,10.3,0.6399999999999988,6.21,141744.36,154400.576
300350.SZ,2017-07-14,10.79,11.59,10.72,11.57,10.94,0.6300000000000008,5.76,159066.4,176946.065
300350.SZ,2017-07-17,11.29,11.44,10.5,10.73,11.57,-0.8399999999999999,-7.26,141697.15,156342.937
300350.SZ,2017-07-18,10.61,11.8,10.61,11.8,10.73,1.0700000000000003,9.97,187312.19,213959.984
300350.SZ,2017-07-19,11.85,12.43,11.58,12.19,11.8,0.3899999999999988,3.31,283648.78,339499.399
300350.SZ,2017-07-20,11.92,12.18,11.71,11.85,12.19,-0.33999999999999986,-2.79,155587.51,185579.75
300350.SZ,2017-07-21,11.72,11.97,11.45,11.55,11.85,-0.29999999999999893,-2.53,113287.28,132394.514
300350.SZ,2017-07-24,11.47,12.29,11.3,12.29,11.55,0.7399999999999984,6.41,165250.23,195478.186
300350.SZ,2017-07-25,12.23,12.23,11.71,11.82,12.29,-0.46999999999999886,-3.82,105822.4,126338.295
300350.SZ,2017-07-26,11.73,12.09,11.66,11.74,11.82,-0.08000000000000007,-0.68,78625.73,93242.882
300350.SZ,2017-07-27,11.72,12.68,11.46,12.47,11.74,0.7300000000000004,6.22,192782.04,233809.782
300350.SZ,2017-07-28,12.25,12.47,12.16,12.22,12.47,-0.25,-2.0,104762.91,128672.324
300350.SZ,2017-07-31,12.16,12.34,12.01,12.27,12.22,0.049999999999998934,0.41,95418.96,116053.09
300350.SZ,2017-08-01,12.2,12.37,11.8,11.87,12.27,-0.40000000000000036,-3.26,91114.15,109475.513
300350.SZ,2017-08-02,11.84,12.01,11.54,11.67,11.87,-0.1999999999999993,-1.68,87036.19,102421.196
300350.SZ,2017-08-03,11.61,12.2,11.5,11.89,11.67,0.22000000000000064,1.89,101489.06,120748.567
300350.SZ,2017-08-04,11.84,11.97,11.6,11.62,11.89,-0.27000000000000135,-2.27,64820.46,76136.662
300350.SZ,2017-08-07,11.51,11.76,11.23,11.45,11.62,-0.16999999999999993,-1.46,70146.37,80521.972
300350.SZ,2017-08-08,11.39,11.8,11.39,11.75,11.45,0.3000000000000007,2.62,60607.07,70288.291
300350.SZ,2017-08-09,11.65,11.7,11.43,11.48,11.75,-0.2699999999999996,-2.3,51831.22,59856.69
300350.SZ,2017-08-10,11.43,11.55,10.98,11.1,11.48,-0.3800000000000008,-3.31,65715.13,73631.803
300350.SZ,2017-08-11,10.98,11.18,10.82,10.97,11.1,-0.129999999999999,-1.17,50821.8,55856.952
300350.SZ,2017-08-14,11.0,11.3,10.98,11.2,10.97,0.22999999999999865,2.1,39263.8,43935.817
300350.SZ,2017-08-15,11.32,11.38,11.19,11.34,11.2,0.14000000000000057,1.25,39218.8,44244.335
300350.SZ,2017-08-16,11.29,11.45,11.26,11.42,11.34,0.08000000000000007,0.71,46876.17,53422.812
300350.SZ,2017-08-17,11.35,11.97,11.3,11.64,11.42,0.22000000000000064,1.93,82730.98,96411.372
300350.SZ,2017-08-18,11.47,11.57,11.12,11.2,11.64,-0.4400000000000013,-3.78,61780.4,70077.862
300350.SZ,2017-08-21,11.17,11.37,11.15,11.3,11.2,0.10000000000000142,0.89,27749.82,31264.411
300350.SZ,2017-08-22,11.32,11.35,11.08,11.13,11.3,-0.16999999999999993,-1.5,35040.0,39158.669
300350.SZ,2017-08-23,11.13,11.25,11.09,11.14,11.13,0.009999999999999787,0.09,24374.0,27228.521
300350.SZ,2017-08-24,11.11,11.18,11.01,11.06,11.14,-0.08000000000000007,-0.72,25267.53,28015.949
300350.SZ,2017-08-25,11.03,11.24,11.03,11.24,11.06,0.17999999999999972,1.63,28974.15,32382.711
300350.SZ,2017-08-28,11.26,11.52,11.26,11.38,11.24,0.14000000000000057,1.25,46771.97,53335.286
300350.SZ,2017-08-29,11.29,11.33,11.13,11.14,11.38,-0.2400000000000002,-2.11,44028.77,49347.228
300350.SZ,2017-08-30,11.09,11.36,11.09,11.36,11.14,0.21999999999999886,1.97,32637.86,36660.802
300350.SZ,2017-08-31,11.26,11.28,11.11,11.24,11.36,-0.11999999999999922,-1.06,31668.4,35422.767
300350.SZ,2017-09-01,11.2,11.35,11.07,11.34,11.24,0.09999999999999964,0.89,39455.26,44201.987
300350.SZ,2017-09-04,11.32,11.69,11.2,11.69,11.34,0.34999999999999964,3.09,81178.91,93660.551
300350.SZ,2017-09-05,11.65,11.89,11.52,11.71,11.69,0.02000000000000135,0.17,70470.34,82559.59
300350.SZ,2017-09-06,11.72,11.72,11.42,11.67,11.71,-0.040000000000000924,-0.34,52900.11,61234.75
300350.SZ,2017-09-07,11.7,12.1,11.52,11.62,11.67,-0.05000000000000071,-0.43,84154.61,99441.959
300350.SZ,2017-09-08,11.55,11.7,11.48,11.65,11.62,0.030000000000001137,0.26,50482.41,58474.754
300350.SZ,2017-09-11,11.69,11.78,11.51,11.6,11.65,-0.05000000000000071,-0.43,40864.29,47469.416
300350.SZ,2017-09-12,11.55,11.62,11.29,11.3,11.6,-0.29999999999999893,-2.59,56187.22,64227.497
300350.SZ,2017-09-13,11.29,11.45,11.27,11.37,11.3,0.06999999999999851,0.62,30086.13,34191.285
300350.SZ,2017-09-14,11.39,11.48,11.21,11.31,11.37,-0.05999999999999872,-0.53,31878.27,36208.879
300350.SZ,2017-09-15,11.33,11.95,11.23,11.65,11.31,0.33999999999999986,3.01,75729.26,87885.283
300350.SZ,2017-09-18,11.57,12.07,11.47,11.99,11.65,0.33999999999999986,2.92,98449.46,116502.296
300350.SZ,2017-09-19,12.01,12.48,11.85,12.03,11.99,0.03999999999999915,0.33,123870.17,150489.849
300350.SZ,2017-09-20,12.0,12.33,11.91,12.02,12.03,-0.009999999999999787,-0.08,99465.62,120723.986
300350.SZ,2017-09-21,12.03,12.44,11.82,12.38,12.02,0.3600000000000012,3.0,126192.59,153728.893
300350.SZ,2017-09-22,12.21,12.33,11.91,11.99,12.38,-0.39000000000000057,-3.15,119427.77,144229.04
300350.SZ,2017-09-25,11.98,11.98,11.25,11.32,11.99,-0.6699999999999999,-5.59,105371.0,122168.658
300350.SZ,2017-09-26,11.27,11.36,11.0,11.21,11.32,-0.10999999999999943,-0.97,59844.48,66669.418
300350.SZ,2017-09-27,11.17,11.38,11.1,11.2,11.21,-0.010000000000001563,-0.09,45777.53,51438.395
300350.SZ,2017-09-28,11.22,11.25,10.9,10.91,11.2,-0.28999999999999915,-2.59,48014.6,53191.256
300350.SZ,2017-09-29,10.91,11.01,10.63,10.76,10.91,-0.15000000000000036,-1.37,61910.34,67050.026
300350.SZ,2017-10-09,10.85,11.42,10.85,11.29,10.76,0.5299999999999994,4.93,86746.14,96909.281
300350.SZ,2017-10-10,11.2,11.47,11.19,11.45,11.29,0.16000000000000014,1.42,54087.31,61211.843
300350.SZ,2017-10-11,11.46,11.96,11.46,11.82,11.45,0.370000000000001,3.23,118793.82,139133.866
300350.SZ,2017-10-12,11.8,12.1,11.55,11.98,11.82,0.16000000000000014,1.35,131966.12,156408.236
300350.SZ,2017-10-13,11.85,12.07,11.75,11.85,11.98,-0.13000000000000078,-1.09,86019.72,102198.25
300350.SZ,2017-10-16,11.81,11.82,11.18,11.18,11.85,-0.6699999999999999,-5.65,83919.48,95994.637
300350.SZ,2017-10-17,11.12,12.13,11.12,11.88,11.18,0.7000000000000011,6.26,127535.41,148989.463
300350.SZ,2017-10-18,11.8,12.05,11.7,11.89,11.88,0.009999999999999787,0.08,116900.65,138753.335
300350.SZ,2017-10-19,11.88,12.38,11.59,12.14,11.89,0.25,2.1,188514.93,226979.272
300350.SZ,2017-10-20,12.14,13.09,12.05,12.73,12.14,0.5899999999999999,4.86,256513.65,319880.586
300350.SZ,2017-10-23,12.61,13.02,12.45,12.59,12.73,-0.14000000000000057,-1.1,198797.44,251634.2
300350.SZ,2017-10-24,12.54,12.54,11.89,12.22,12.59,-0.3699999999999992,-2.94,143421.46,174478.965
300350.SZ,2017-10-25,12.15,12.32,12.01,12.32,12.22,0.09999999999999964,0.82,86966.4,106105.964
300350.SZ,2017-10-26,12.24,12.37,12.07,12.09,12.32,-0.23000000000000043,-1.87,87266.16,106515.446
300350.SZ,2017-10-27,12.09,12.22,11.98,12.04,12.09,-0.05000000000000071,-0.41,64508.06,78017.195
300350.SZ,2017-10-30,12.0,12.15,11.14,11.21,12.04,-0.8299999999999983,-6.89,98171.48,112453.112
300350.SZ,2017-10-31,11.21,11.48,11.11,11.4,11.21,0.1899999999999995,1.69,66573.39,75415.452
300350.SZ,2017-11-01,11.36,11.48,11.18,11.2,11.4,-0.20000000000000107,-1.75,60827.64,68943.919
300350.SZ,2017-11-02,11.2,11.41,11.18,11.29,11.2,0.08999999999999986,0.8,43726.05,49349.449
300350.SZ,2017-11-03,11.22,11.35,10.66,10.86,11.29,-0.4299999999999997,-3.81,83277.35,90477.088
300350.SZ,2017-11-06,10.81,11.02,10.76,10.96,10.86,0.10000000000000142,0.92,36154.69,39561.864
300350.SZ,2017-11-07,11.02,11.02,10.71,10.86,10.96,-0.10000000000000142,-0.91,44451.6,48019.612
300350.SZ,2017-11-08,10.84,11.04,10.76,10.83,10.86,-0.02999999999999936,-0.28,46569.92,50829.727
300350.SZ,2017-11-09,10.87,11.11,10.8,11.02,10.83,0.1899999999999995,1.75,61156.97,67175.502
300350.SZ,2017-11-10,11.05,11.15,10.75,10.81,11.02,-0.20999999999999908,-1.91,70965.6,77104.131
300350.SZ,2017-11-13,10.79,10.79,10.27,10.69,10.81,-0.120000000000001,-1.11,85860.11,89327.387
300350.SZ,2017-11-14,10.46,10.55,10.17,10.34,10.69,-0.34999999999999964,-3.27,48542.68,50135.629
300350.SZ,2017-11-15,10.27,10.34,10.16,10.23,10.34,-0.10999999999999943,-1.06,31325.62,32055.994
300350.SZ,2017-11-16,10.21,10.38,10.14,10.17,10.23,-0.0600000000000005,-0.59,41847.97,42958.902
300350.SZ,2017-11-17,10.16,10.25,9.35,9.4,10.17,-0.7699999999999996,-7.57,69356.9,67609.976
300350.SZ,2017-11-20,9.37,9.49,9.02,9.37,9.4,-0.030000000000001137,-0.32,34822.16,31988.159
300350.SZ,2017-11-21,9.38,9.49,9.12,9.27,9.37,-0.09999999999999964,-1.07,33924.4,31584.959
300350.SZ,2017-11-22,9.28,9.35,9.13,9.23,9.27,-0.03999999999999915,-0.43,23054.35,21275.625
300350.SZ,2017-11-23,9.2,9.27,9.01,9.01,9.23,-0.22000000000000064,-2.38,30087.09,27500.315
300350.SZ,2017-11-24,9.02,9.25,9.0,9.25,9.01,0.2400000000000002,2.66,23212.19,21165.977
300350.SZ,2017-11-27,9.21,9.43,9.16,9.23,9.25,-0.019999999999999574,-0.22,27423.98,25526.602
300350.SZ,2017-11-28,9.27,9.41,9.25,9.39,9.23,0.16000000000000014,1.73,22619.27,21183.678
300350.SZ,2017-11-29,9.46,9.46,9.2,9.37,9.39,-0.02000000000000135,-0.21,24388.6,22728.91
300350.SZ,2017-11-30,9.31,9.45,9.29,9.45,9.37,0.08000000000000007,0.85,28417.98,26685.622
300350.SZ,2017-12-01,9.53,9.55,9.41,9.45,9.45,0.0,0.0,32855.8,31153.39
300350.SZ,2017-12-04,9.4,9.44,9.2,9.2,9.45,-0.25,-2.65,22863.6,21291.952
300350.SZ,2017-12-05,9.16,9.19,9.01,9.02,9.2,-0.17999999999999972,-1.96,37305.43,33982.018
300350.SZ,2017-12-06,9.0,9.36,9.0,9.32,9.02,0.3000000000000007,3.33,20715.0,18906.21
300350.SZ,2017-12-07,9.32,9.43,9.17,9.33,9.32,0.009999999999999787,0.11,22783.0,21218.162
300350.SZ,2017-12-08,9.25,9.43,9.25,9.38,9.33,0.05000000000000071,0.54,23100.4,21596.17
300350.SZ,2017-12-11,9.34,9.46,9.3,9.37,9.38,-0.010000000000001563,-0.11,31756.8,29750.401
300350.SZ,2017-12-12,9.3,9.37,9.12,9.21,9.37,-0.15999999999999837,-1.71,24882.6,23016.092
300350.SZ,2017-12-13,9.14,9.25,9.1,9.2,9.21,-0.010000000000001563,-0.11,17110.2,15691.574
300350.SZ,2017-12-14,9.19,9.21,9.09,9.2,9.2,0.0,0.0,16815.0,15362.909
300350.SZ,2017-12-15,9.19,9.24,9.15,9.16,9.2,-0.03999999999999915,-0.43,15225.2,13983.304
300350.SZ,2017-12-18,9.15,9.29,9.09,9.29,9.16,0.129999999999999,1.42,23725.88,21804.487
300350.SZ,2017-12-19,9.25,9.43,9.25,9.39,9.29,0.10000000000000142,1.08,27087.35,25433.42
300350.SZ,2017-12-20,9.39,9.55,9.29,9.51,9.39,0.11999999999999922,1.28,35724.83,33736.487
300350.SZ,2017-12-21,9.56,9.65,9.42,9.64,9.51,0.13000000000000078,1.37,34554.84,32953.595
300350.SZ,2017-12-22,9.6,9.96,9.55,9.92,9.64,0.27999999999999936,2.9,57182.27,56245.004
300350.SZ,2017-12-25,9.92,9.94,9.65,9.8,9.92,-0.11999999999999922,-1.21,30683.38,29941.333
300350.SZ,2017-12-26,9.72,9.86,9.58,9.71,9.8,-0.08999999999999986,-0.92,33979.32,33069.002
300350.SZ,2017-12-27,9.71,10.0,9.55,9.95,9.71,0.23999999999999844,2.47,69552.49,67550.36
300350.SZ,2017-12-28,9.89,9.89,9.6,9.63,9.95,-0.3199999999999985,-3.22,45091.69,43699.787
300350.SZ,2017-12-29,9.56,9.94,9.45,9.87,9.63,0.23999999999999844,2.49,65631.15,63767.094
300350.SZ,2018-01-02,9.76,9.84,9.74,9.77,9.87,-0.09999999999999964,-1.01,31145.66,30437.167
300350.SZ,2018-01-03,9.74,9.77,9.62,9.7,9.77,-0.07000000000000028,-0.72,27163.36,26302.476
300350.SZ,2018-01-04,9.68,9.75,9.56,9.66,9.7,-0.03999999999999915,-0.41,22551.29,21786.659
300350.SZ,2018-01-05,9.66,9.82,9.65,9.67,9.66,0.009999999999999787,0.1,25382.91,24708.703
300350.SZ,2018-01-08,9.62,9.72,9.49,9.53,9.67,-0.14000000000000057,-1.45,22112.8,21126.954
300350.SZ,2018-01-09,9.5,9.79,9.46,9.6,9.53,0.07000000000000028,0.73,27606.7,26496.538
300350.SZ,2018-01-10,9.58,9.63,9.45,9.45,9.6,-0.15000000000000036,-1.56,15683.4,14915.516
300350.SZ,2018-01-11,9.45,9.72,9.45,9.71,9.45,0.26000000000000156,2.75,36485.84,35028.942
300350.SZ,2018-01-12,9.75,9.75,9.39,9.39,9.71,-0.3200000000000003,-3.3,32545.24,31078.193
300350.SZ,2018-01-15,9.36,9.47,9.1,9.19,9.39,-0.20000000000000107,-2.13,33552.43,31199.114
300350.SZ,2018-01-16,9.19,9.35,9.14,9.22,9.19,0.030000000000001137,0.33,12254.17,11341.63
300350.SZ,2018-01-17,9.22,9.34,9.13,9.27,9.22,0.049999999999998934,0.54,15316.38,14142.52
300350.SZ,2018-01-18,9.3,9.39,9.23,9.27,9.27,0.0,0.0,14659.16,13627.025
300350.SZ,2018-01-19,9.32,9.32,9.12,9.2,9.27,-0.07000000000000028,-0.76,21896.2,20154.5
300350.SZ,2018-01-22,9.25,9.33,9.0,9.29,9.2,0.08999999999999986,0.98,37105.2,34167.257
300350.SZ,2018-01-23,9.34,9.38,9.14,9.23,9.29,-0.05999999999999872,-0.65,21196.4,19546.062
300350.SZ,2018-01-24,9.29,9.42,9.15,9.41,9.23,0.17999999999999972,1.95,36303.32,33818.542
300350.SZ,2018-01-25,9.42,9.55,9.24,9.25,9.41,-0.16000000000000014,-1.7,33687.4,31713.566
300350.SZ,2018-01-26,9.21,9.34,9.16,9.26,9.25,0.009999999999999787,0.11,21172.4,19537.235
300350.SZ,2018-01-29,9.33,9.33,9.04,9.12,9.26,-0.14000000000000057,-1.51,23628.34,21577.394
300350.SZ,2018-01-30,9.11,9.13,8.21,8.21,9.12,-0.9099999999999984,-9.98,143125.8,119922.083
300350.SZ,2018-01-31,7.66,7.88,7.39,7.39,8.21,-0.8200000000000012,-9.99,128302.85,96456.44
300350.SZ,2018-02-01,7.45,7.54,6.81,7.07,7.39,-0.3199999999999994,-4.33,72047.75,52099.268
300350.SZ,2018-02-02,7.07,7.14,6.84,6.91,7.07,-0.16000000000000014,-2.26,46226.97,32228.612
300350.SZ,2018-02-05,6.85,6.96,6.83,6.85,6.91,-0.0600000000000005,-0.87,27396.8,18860.571
300350.SZ,2018-02-06,6.7,6.7,6.22,6.25,6.85,-0.5999999999999996,-8.76,53294.27,34677.61
300350.SZ,2018-02-07,6.37,6.41,6.11,6.32,6.25,0.07000000000000028,1.12,42993.65,27076.362
300350.SZ,2018-02-08,6.3,6.57,6.26,6.54,6.32,0.21999999999999975,3.48,44983.84,29063.051
300350.SZ,2018-02-09,6.3,6.45,6.2,6.34,6.54,-0.20000000000000018,-3.06,36959.79,23379.939
300350.SZ,2018-02-12,6.35,6.61,6.34,6.51,6.34,0.16999999999999993,2.68,29245.63,19045.54
300350.SZ,2018-02-13,6.59,6.64,6.46,6.49,6.51,-0.019999999999999574,-0.31,27577.12,18037.405
300350.SZ,2018-02-14,6.6,6.6,6.4,6.4,6.49,-0.08999999999999986,-1.39,20519.2,13243.792
300350.SZ,2018-02-22,6.44,6.54,6.43,6.5,6.4,0.09999999999999964,1.56,25645.2,16674.439
300350.SZ,2018-02-23,6.52,6.64,6.47,6.55,6.5,0.04999999999999982,0.77,40148.63,26290.989
300350.SZ,2018-02-26,6.62,6.85,6.57,6.77,6.55,0.21999999999999975,3.36,62092.44,41950.925
300350.SZ,2018-02-27,6.73,6.94,6.71,6.82,6.77,0.05000000000000071,0.74,63560.44,43382.217
300350.SZ,2018-02-28,6.72,7.07,6.66,6.9,6.82,0.08000000000000007,1.17,63976.06,43988.314
300350.SZ,2018-03-01,6.83,7.18,6.82,7.15,6.9,0.25,3.62,80068.46,56367.651
300350.SZ,2018-03-02,7.11,7.41,7.04,7.08,7.15,-0.07000000000000028,-0.98,103252.7,74133.518
300350.SZ,2018-03-05,7.1,7.3,6.96,7.24,7.08,0.16000000000000014,2.26,80979.96,57505.338
300350.SZ,2018-03-06,7.2,7.25,7.12,7.22,7.24,-0.020000000000000462,-0.28,63519.62,45620.377
300350.SZ,2018-03-07,7.17,7.19,6.98,7.04,7.22,-0.17999999999999972,-2.49,50875.82,36076.595
300350.SZ,2018-03-08,7.04,7.2,6.99,7.18,7.04,0.13999999999999968,1.99,38813.8,27560.479
300350.SZ,2018-03-09,7.17,7.86,7.14,7.53,7.18,0.35000000000000053,4.87,141577.05,105805.116
300350.SZ,2018-03-12,7.55,7.75,7.54,7.65,7.53,0.1200000000000001,1.59,96024.82,73416.243
300350.SZ,2018-03-13,7.6,7.95,7.6,7.74,7.65,0.08999999999999986,1.18,94578.48,73397.856
300350.SZ,2018-03-14,7.7,7.73,7.51,7.51,7.74,-0.23000000000000043,-2.97,69519.19,52909.672
300350.SZ,2018-03-15,7.47,7.55,7.24,7.41,7.51,-0.09999999999999964,-1.33,64594.7,47600.866
300350.SZ,2018-03-16,7.41,7.59,7.38,7.47,7.41,0.05999999999999961,0.81,56000.32,42062.934
300350.SZ,2018-03-19,7.43,7.67,7.38,7.57,7.47,0.10000000000000053,1.34,55196.11,41834.102
300350.SZ,2018-03-20,7.44,7.6,7.27,7.56,7.57,-0.010000000000000675,-0.13,46347.7,34502.407
300350.SZ,2018-03-21,7.56,7.87,7.46,7.46,7.56,-0.09999999999999964,-1.32,70123.35,53760.22
300350.SZ,2018-03-22,7.43,7.64,7.41,7.46,7.46,0.0,0.0,52675.38,39503.352
300350.SZ,2018-03-23,7.16,7.34,6.71,6.71,7.46,-0.75,-10.05,70879.3,49715.328
300350.SZ,2018-03-26,6.54,6.82,6.21,6.77,6.71,0.05999999999999961,0.89,59315.58,39141.863
300350.SZ,2018-03-27,6.88,7.15,6.86,7.11,6.77,0.34000000000000075,5.02,61428.88,43125.824
300350.SZ,2018-03-28,7.0,7.33,6.93,7.3,7.11,0.1899999999999995,2.67,68598.41,49420.279
300350.SZ,2018-03-29,7.28,7.6,7.26,7.4,7.3,0.10000000000000053,1.37,65686.07,48530.677
300350.SZ,2018-03-30,7.36,7.62,7.36,7.55,7.4,0.14999999999999947,2.03,88333.18,66275.393
300350.SZ,2018-04-02,7.59,7.76,7.46,7.57,7.55,0.020000000000000462,0.26,83244.62,63498.201
300350.SZ,2018-04-03,7.44,7.75,7.35,7.71,7.57,0.13999999999999968,1.85,85185.9,64603.668
300350.SZ,2018-04-04,7.66,7.69,7.39,7.42,7.71,-0.29000000000000004,-3.76,71145.05,53598.835
300350.SZ,2018-04-09,7.31,7.65,7.26,7.54,7.42,0.1200000000000001,1.62,54881.36,41096.024
300350.SZ,2018-04-10,7.47,7.57,7.06,7.34,7.54,-0.20000000000000018,-2.65,76075.87,55356.631
300350.SZ,2018-04-11,7.29,7.42,7.25,7.33,7.34,-0.009999999999999787,-0.14,51483.46,37828.479
300350.SZ,2018-04-12,7.29,7.67,7.25,7.49,7.33,0.16000000000000014,2.18,78532.12,58799.767
300350.SZ,2018-04-13,7.47,7.73,7.38,7.67,7.49,0.17999999999999972,2.4,95871.52,72522.645
300350.SZ,2018-04-16,7.65,7.76,7.4,7.63,7.67,-0.040000000000000036,-0.52,84400.47,64158.659
300350.SZ,2018-04-17,7.6,7.65,7.0,7.0,7.63,-0.6299999999999999,-8.26,93466.89,68101.646
300350.SZ,2018-04-18,7.03,7.55,6.88,7.37,7.0,0.3700000000000001,5.29,90446.06,65156.352
300350.SZ,2018-04-19,7.32,7.69,7.29,7.54,7.37,0.16999999999999993,2.31,93585.28,70588.321
300350.SZ,2018-04-20,7.45,7.76,7.42,7.55,7.54,0.009999999999999787,0.13,118603.56,90199.341
300350.SZ,2018-04-23,7.96,8.1,7.05,7.27,7.55,-0.28000000000000025,-3.71,137976.07,103094.943
300350.SZ,2018-04-24,7.27,7.44,7.03,7.37,7.27,0.10000000000000053,1.38,81159.11,58888.063
300350.SZ,2018-04-25,7.27,7.82,7.25,7.81,7.37,0.4399999999999995,5.97,159028.16,120304.567
300350.SZ,2018-04-26,7.65,8.53,7.62,8.06,7.81,0.2500000000000009,3.2,247181.86,199022.042
300350.SZ,2018-04-27,8.1,8.2,7.87,8.0,8.06,-0.0600000000000005,-0.74,127286.98,101793.382
300350.SZ,2018-05-02,7.96,8.04,7.58,7.72,8.0,-0.28000000000000025,-3.5,95338.82,74155.184
300350.SZ,2018-05-03,7.72,7.78,7.27,7.66,7.72,-0.05999999999999961,-0.78,91772.97,69384.328
300350.SZ,2018-05-04,7.63,7.75,7.47,7.51,7.66,-0.15000000000000036,-1.96,62550.95,47563.755
300350.SZ,2018-05-07,7.53,8.26,7.5,8.26,7.51,0.75,9.99,227526.95,184906.393
300350.SZ,2018-05-08,8.3,8.44,8.05,8.07,8.26,-0.1899999999999995,-2.3,301547.03,247262.906
300350.SZ,2018-05-09,8.06,8.44,8.06,8.13,8.07,0.0600000000000005,0.74,188149.32,154951.679
300350.SZ,2018-07-16,7.32,7.32,7.32,7.32,8.13,-0.8100000000000005,-9.96,5953.0,4357.596
300350.SZ,2018-07-17,6.59,6.59,6.59,6.59,7.32,-0.7300000000000004,-9.97,3717.0,2449.503
300350.SZ,2018-07-18,6.2,6.66,6.2,6.38,6.59,-0.20999999999999996,-3.19,272749.86,173347.284
300350.SZ,2018-07-19,6.24,6.27,5.85,5.89,6.38,-0.4900000000000002,-7.68,212614.91,128222.002
300350.SZ,2018-07-20,5.8,6.12,5.73,5.98,5.89,0.09000000000000075,1.53,129573.17,76982.268
300350.SZ,2018-07-23,5.93,6.08,5.83,5.96,5.98,-0.020000000000000462,-0.33,94295.85,56177.822
300350.SZ,2018-07-24,5.98,6.14,5.92,6.08,5.96,0.1200000000000001,2.01,116144.01,69950.572
300350.SZ,2018-07-25,6.09,6.23,6.05,6.12,6.08,0.040000000000000036,0.66,88530.47,54377.692
300350.SZ,2018-07-26,6.08,6.26,6.07,6.18,6.12,0.05999999999999961,0.98,80346.98,49669.033
300350.SZ,2018-07-27,6.15,6.28,6.03,6.08,6.18,-0.09999999999999964,-1.62,92094.79,56651.128
300350.SZ,2018-07-30,6.07,6.21,5.89,6.0,6.08,-0.08000000000000007,-1.32,65421.44,39418.67
300350.SZ,2018-07-31,5.98,6.04,5.92,6.02,6.0,0.019999999999999574,0.33,33107.17,19814.322
300350.SZ,2018-08-01,6.0,6.04,5.82,5.86,6.02,-0.15999999999999925,-2.66,50454.04,29908.309
300350.SZ,2018-08-02,5.82,5.83,5.32,5.51,5.86,-0.35000000000000053,-5.97,86726.8,47962.261
300350.SZ,2018-08-03,5.5,5.58,5.42,5.44,5.51,-0.0699999999999994,-1.27,46707.82,25637.075
300350.SZ,2018-08-06,5.42,5.57,5.34,5.43,5.44,-0.010000000000000675,-0.18,41261.06,22476.532
300350.SZ,2018-08-07,5.4,5.57,5.4,5.57,5.43,0.14000000000000057,2.58,46576.2,25679.442
300350.SZ,2018-08-08,5.52,5.67,5.38,5.41,5.57,-0.16000000000000014,-2.87,44034.0,24329.574
300350.SZ,2018-08-09,5.38,5.6,5.36,5.56,5.41,0.14999999999999947,2.77,47318.2,26113.318
300350.SZ,2018-08-10,5.54,5.63,5.48,5.61,5.56,0.05000000000000071,0.9,47220.47,26277.839
300350.SZ,2018-08-13,5.58,6.0,5.41,5.76,5.61,0.14999999999999947,2.67,99540.41,56774.923
300350.SZ,2018-08-14,5.72,5.73,5.59,5.68,5.76,-0.08000000000000007,-1.39,57566.2,32601.015
300350.SZ,2018-08-15,5.7,5.76,5.55,5.62,5.68,-0.05999999999999961,-1.06,44149.25,24967.294
300350.SZ,2018-08-16,5.58,5.68,5.46,5.61,5.62,-0.009999999999999787,-0.18,35937.4,20045.377
300350.SZ,2018-08-17,5.62,5.67,5.43,5.43,5.61,-0.1800000000000006,-3.21,32375.0,17941.701
300350.SZ,2018-08-20,5.41,5.49,5.33,5.45,5.43,0.020000000000000462,0.37,43969.89,23819.512
300350.SZ,2018-08-21,5.48,5.54,5.35,5.49,5.45,0.040000000000000036,0.73,49003.18,26658.119
300350.SZ,2018-08-22,5.48,5.52,5.28,5.3,5.49,-0.1900000000000004,-3.46,46575.19,25068.701
300350.SZ,2018-08-23,5.28,5.47,5.26,5.44,5.3,0.14000000000000057,2.64,50618.4,27266.871
300350.SZ,2018-08-24,5.43,5.67,5.41,5.5,5.44,0.05999999999999961,1.1,59330.99,32827.302
300350.SZ,2018-08-27,5.5,5.64,5.5,5.61,5.5,0.11000000000000032,2.0,40045.0,22337.779
300350.SZ,2018-08-28,5.58,5.62,5.54,5.58,5.61,-0.03000000000000025,-0.53,34707.0,19360.035
300350.SZ,2018-08-29,5.55,5.6,5.46,5.47,5.58,-0.11000000000000032,-1.97,27103.0,14921.553
300350.SZ,2018-08-30,5.48,5.53,5.31,5.33,5.47,-0.13999999999999968,-2.56,33509.6,18109.026
300350.SZ,2018-08-31,5.3,5.37,5.27,5.28,5.33,-0.04999999999999982,-0.94,25060.0,13326.592
300350.SZ,2018-09-03,5.27,5.3,5.13,5.25,5.28,-0.03000000000000025,-0.57,32361.26,16823.187
300350.SZ,2018-09-04,5.25,5.39,5.2,5.37,5.25,0.1200000000000001,2.29,40143.3,21300.209
300350.SZ,2018-09-05,5.36,5.46,5.3,5.31,5.37,-0.0600000000000005,-1.12,42357.14,22775.714
300350.SZ,2018-09-06,5.28,5.84,5.25,5.6,5.31,0.29000000000000004,5.46,178817.3,101703.916
300350.SZ,2018-09-07,5.5,6.16,5.49,6.16,5.6,0.5600000000000005,10.0,307274.12,184941.58
300350.SZ,2018-09-10,6.02,6.06,5.6,5.69,6.16,-0.46999999999999975,-7.63,229255.68,133359.932
300350.SZ,2018-09-11,5.58,5.68,5.36,5.6,5.69,-0.09000000000000075,-1.58,171312.71,94586.623
300350.SZ,2018-09-12,5.65,6.16,5.62,6.16,5.6,0.5600000000000005,10.0,162553.35,98056.229
300350.SZ,2018-09-13,6.28,6.56,6.21,6.35,6.16,0.1899999999999995,3.08,383889.4,244396.443
300350.SZ,2018-09-14,6.17,6.33,6.03,6.05,6.35,-0.2999999999999998,-4.72,193244.74,119232.882
300350.SZ,2018-09-17,6.06,6.23,5.87,5.93,6.05,-0.1200000000000001,-1.98,157328.61,95159.213
300350.SZ,2018-09-18,6.0,6.27,5.86,6.15,5.93,0.22000000000000064,3.71,184229.27,111841.416
300350.SZ,2018-09-19,6.04,6.36,5.93,6.17,6.15,0.019999999999999574,0.33,199624.81,121826.431
300350.SZ,2018-09-20,6.09,6.15,6.01,6.04,6.17,-0.1299999999999999,-2.11,121909.6,73920.657
300350.SZ,2018-09-21,6.05,6.06,5.92,5.98,6.04,-0.05999999999999961,-0.99,99226.8,59225.621
300350.SZ,2018-09-25,5.97,6.4,5.94,6.19,5.98,0.20999999999999996,3.51,220617.21,136661.173
300350.SZ,2018-09-26,6.11,6.43,6.02,6.4,6.19,0.20999999999999996,3.39,225772.84,140732.656
300350.SZ,2018-09-27,6.3,6.34,6.12,6.14,6.4,-0.2600000000000007,-4.06,139996.38,87037.325
300350.SZ,2018-09-28,6.08,6.22,6.07,6.16,6.14,0.020000000000000462,0.33,77891.71,47893.847
300350.SZ,2018-10-08,6.0,6.08,5.54,5.54,6.16,-0.6200000000000001,-10.06,111343.82,64794.786
300350.SZ,2018-10-09,5.6,5.72,5.59,5.65,5.54,0.11000000000000032,1.99,75606.72,42753.737
300350.SZ,2018-10-10,5.85,5.85,5.49,5.59,5.65,-0.0600000000000005,-1.06,65702.4,36961.754
300350.SZ,2018-10-11,5.34,5.58,5.03,5.1,5.59,-0.4900000000000002,-8.77,121734.84,63838.296
300350.SZ,2018-10-12,5.08,5.22,4.81,5.16,5.1,0.0600000000000005,1.18,103440.1,52196.072
300350.SZ,2018-10-15,5.17,5.3,5.05,5.11,5.16,-0.04999999999999982,-0.97,80260.2,41446.624
300350.SZ,2018-10-16,5.11,5.17,4.68,4.8,5.11,-0.3100000000000005,-6.07,90231.7,44651.258
300350.SZ,2018-10-17,4.88,4.99,4.73,4.94,4.8,0.14000000000000057,2.92,83850.1,40813.284
300350.SZ,2018-10-18,4.9,5.07,4.75,4.84,4.94,-0.10000000000000053,-2.02,72171.0,35264.887
300350.SZ,2018-10-19,4.72,5.03,4.69,4.99,4.84,0.15000000000000036,3.1,83364.0,41099.766
300350.SZ,2018-10-22,5.0,5.29,5.0,5.25,4.99,0.2599999999999998,5.21,106886.99,55308.134
300350.SZ,2018-10-23,5.19,5.49,5.19,5.24,5.25,-0.009999999999999787,-0.19,119971.0,63807.482
300350.SZ,2018-10-24,5.54,5.76,5.35,5.44,5.24,0.20000000000000018,3.82,170584.24,94644.2
300350.SZ,2018-10-25,5.24,5.47,5.23,5.43,5.44,-0.010000000000000675,-0.18,130190.6,69485.66
300350.SZ,2018-10-26,5.44,5.44,5.31,5.33,5.43,-0.09999999999999964,-1.84,79029.4,42449.895
300350.SZ,2018-10-29,5.35,5.35,5.11,5.2,5.33,-0.1299999999999999,-2.44,65246.8,33983.868
300350.SZ,2018-10-30,5.27,5.33,5.02,5.23,5.2,0.03000000000000025,0.58,65111.8,33830.073
300350.SZ,2018-10-31,5.24,5.37,5.22,5.33,5.23,0.09999999999999964,1.91,88094.01,46787.883
300350.SZ,2018-11-01,5.38,5.54,5.31,5.36,5.33,0.03000000000000025,0.56,100900.85,54612.497
300350.SZ,2018-11-02,5.45,5.65,5.38,5.61,5.36,0.25,4.66,122663.47,67426.214
300350.SZ,2018-11-05,5.58,5.81,5.5,5.68,5.61,0.0699999999999994,1.25,120900.56,68046.894
300350.SZ,2018-11-06,5.59,5.59,5.44,5.56,5.68,-0.1200000000000001,-2.11,64676.8,35658.022
300350.SZ,2018-11-07,5.53,5.83,5.51,5.69,5.56,0.13000000000000078,2.34,114251.45,64453.384
300350.SZ,2018-11-08,5.66,5.69,5.57,5.58,5.69,-0.11000000000000032,-1.93,64076.38,36011.266
300350.SZ,2018-11-09,5.53,5.62,5.5,5.51,5.58,-0.07000000000000028,-1.25,44499.06,24735.709
300350.SZ,2018-11-12,5.52,5.71,5.47,5.69,5.51,0.1800000000000006,3.27,72401.58,40755.051
300350.SZ,2018-11-13,5.62,6.2,5.6,5.94,5.69,0.25,4.39,160978.89,95427.979
300350.SZ,2018-11-14,5.95,6.12,5.9,6.01,5.94,0.0699999999999994,1.18,109870.33,65960.308
300350.SZ,2018-11-15,5.96,6.06,5.93,6.03,6.01,0.020000000000000462,0.33,89276.93,53534.118
300350.SZ,2018-11-16,6.02,6.3,5.98,6.13,6.03,0.09999999999999964,1.66,115004.93,70860.096
300350.SZ,2018-11-19,6.06,6.1,5.95,6.03,6.13,-0.09999999999999964,-1.63,74554.5,44735.12
300350.SZ,2018-11-20,5.95,6.1,5.85,5.87,6.03,-0.16000000000000014,-2.65,84525.01,50425.415
300350.SZ,2018-11-21,5.79,6.25,5.72,6.23,5.87,0.3600000000000003,6.13,124587.16,75401.041
300350.SZ,2018-11-22,6.29,6.29,6.0,6.08,6.23,-0.15000000000000036,-2.41,98647.45,60091.525
300350.SZ,2018-11-23,6.04,6.09,5.64,5.72,6.08,-0.3600000000000003,-5.92,74082.67,43250.289
300350.SZ,2018-11-26,5.7,5.82,5.69,5.76,5.72,0.040000000000000036,0.7,53377.8,30794.079
300350.SZ,2018-11-27,5.8,5.89,5.65,5.73,5.76,-0.02999999999999936,-0.52,53239.52,30769.775
300350.SZ,2018-11-28,5.73,5.95,5.62,5.95,5.73,0.21999999999999975,3.84,77247.71,44986.892
300350.SZ,2018-11-29,5.92,6.0,5.58,5.59,5.95,-0.3600000000000003,-6.05,68408.89,39809.946
300350.SZ,2018-11-30,5.56,5.65,5.43,5.6,5.59,0.009999999999999787,0.18,52541.32,29165.722
300350.SZ,2018-12-03,5.76,6.0,5.71,5.98,5.6,0.3800000000000008,6.79,94702.71,55704.922
300350.SZ,2018-12-04,6.01,6.02,5.89,5.98,5.98,0.0,0.0,48613.17,28958.605
300350.SZ,2018-12-05,5.97,6.09,5.86,6.02,5.98,0.03999999999999915,0.67,67430.43,40337.806
300350.SZ,2018-12-06,6.02,6.24,5.92,5.98,6.02,-0.03999999999999915,-0.66,82501.38,50060.739
300350.SZ,2018-12-07,5.9,6.5,5.9,6.3,5.98,0.3199999999999994,5.35,160588.47,100284.212
300350.SZ,2018-12-10,6.27,6.3,6.11,6.19,6.3,-0.10999999999999943,-1.75,90630.46,56160.605
300350.SZ,2018-12-11,6.14,6.36,6.14,6.25,6.19,0.05999999999999961,0.97,79627.27,49701.074
300350.SZ,2018-12-12,6.19,6.27,6.11,6.27,6.25,0.019999999999999574,0.32,64768.24,40073.626
300350.SZ,2018-12-13,6.28,6.29,6.15,6.18,6.27,-0.08999999999999986,-1.44,60995.03,37957.86
300350.SZ,2018-12-14,6.15,6.22,5.92,5.99,6.18,-0.1899999999999995,-3.07,70808.0,42924.156
300350.SZ,2018-12-17,5.98,6.08,5.89,6.05,5.99,0.05999999999999961,1.0,37767.2,22636.044
300350.SZ,2018-12-18,6.04,6.11,5.82,5.98,6.05,-0.0699999999999994,-1.16,39148.65,23366.174
300350.SZ,2018-12-19,5.99,6.0,5.81,5.87,5.98,-0.11000000000000032,-1.84,31163.79,18307.742
300350.SZ,2018-12-20,5.82,5.97,5.81,5.94,5.87,0.07000000000000028,1.19,24098.2,14257.579
300350.SZ,2018-12-21,5.88,5.98,5.87,5.95,5.94,0.009999999999999787,0.17,24347.76,14411.917
300350.SZ,2018-12-24,5.95,6.03,5.87,5.99,5.95,0.040000000000000036,0.67,21259.59,12688.595
300350.SZ,2018-12-25,5.93,5.97,5.47,5.77,5.99,-0.22000000000000064,-3.67,55144.06,31455.247
300350.SZ,2018-12-26,5.71,5.78,5.65,5.71,5.77,-0.05999999999999961,-1.04,19932.51,11391.927
300350.SZ,2018-12-27,5.77,5.84,5.6,5.68,5.71,-0.03000000000000025,-0.53,28340.6,16255.788
300350.SZ,2018-12-28,5.67,5.72,5.59,5.67,5.68,-0.009999999999999787,-0.18,17637.4,9964.143
300350.SZ,2019-01-02,5.67,5.71,5.59,5.65,5.67,-0.019999999999999574,-0.35,11329.43,6394.054
300350.SZ,2019-01-03,5.68,5.85,5.62,5.75,5.65,0.09999999999999964,1.77,22341.91,12801.532
300350.SZ,2019-01-04,5.66,5.93,5.65,5.93,5.75,0.17999999999999972,3.13,36614.2,21417.342
300350.SZ,2019-01-07,5.95,6.52,5.95,6.52,5.93,0.5899999999999999,9.95,170212.64,108829.608
300350.SZ,2019-01-08,6.68,6.68,6.29,6.32,6.52,-0.1999999999999993,-3.07,184625.18,119999.315
300350.SZ,2019-01-09,6.32,6.42,6.21,6.35,6.32,0.02999999999999936,0.47,139488.73,88170.494
300350.SZ,2019-01-10,6.25,6.31,6.14,6.21,6.35,-0.13999999999999968,-2.2,98109.79,60977.591
300350.SZ,2019-01-11,6.17,6.42,6.17,6.27,6.21,0.05999999999999961,0.97,94907.16,59794.777
300350.SZ,2019-01-14,6.19,6.37,6.19,6.28,6.27,0.010000000000000675,0.16,68767.01,43228.989
300350.SZ,2019-01-15,6.28,6.43,6.23,6.35,6.28,0.0699999999999994,1.11,97026.95,61788.492
300350.SZ,2019-01-16,6.3,6.41,6.22,6.25,6.35,-0.09999999999999964,-1.57,65261.08,41089.194
300350.SZ,2019-01-17,6.2,6.2,6.05,6.08,6.25,-0.16999999999999993,-2.72,64736.86,39525.363
300350.SZ,2019-01-18,6.06,6.14,6.0,6.11,6.08,0.03000000000000025,0.49,43909.99,26592.619
300350.SZ,2019-01-21,6.13,6.18,6.07,6.1,6.11,-0.010000000000000675,-0.16,36994.2,22678.377
300350.SZ,2019-01-22,6.1,6.15,6.03,6.05,6.1,-0.04999999999999982,-0.82,26599.96,16179.585
300350.SZ,2019-01-23,6.03,6.13,5.98,6.09,6.05,0.040000000000000036,0.66,32291.6,19579.804
300350.SZ,2019-01-24,6.12,6.18,6.03,6.14,6.09,0.04999999999999982,0.82,41618.19,25454.593
300350.SZ,2019-01-25,6.18,6.35,6.13,6.15,6.14,0.010000000000000675,0.16,76427.32,47686.441
300350.SZ,2019-01-28,6.08,6.26,5.92,5.94,6.15,-0.20999999999999996,-3.41,52816.4,32186.657
300350.SZ,2019-01-29,5.91,5.99,5.67,5.76,5.94,-0.1800000000000006,-3.03,49191.22,28527.849
300350.SZ,2019-01-30,5.75,5.82,5.57,5.61,5.76,-0.14999999999999947,-2.6,39666.4,22628.836
300350.SZ,2019-01-31,5.06,5.2,5.05,5.15,5.61,-0.45999999999999996,-8.2,129397.5,65762.123
300350.SZ,2019-02-01,5.1,5.29,5.06,5.28,5.15,0.1299999999999999,2.52,51136.21,26615.649
300350.SZ,2019-02-11,5.28,5.48,5.28,5.43,5.28,0.14999999999999947,2.84,38992.64,20957.021
300350.SZ,2019-02-12,5.47,5.59,5.41,5.56,5.43,0.1299999999999999,2.39,36426.42,20064.264
300350.SZ,2019-02-13,5.52,5.69,5.51,5.67,5.56,0.11000000000000032,1.98,40798.36,22893.906
300350.SZ,2019-02-14,5.65,5.7,5.56,5.63,5.67,-0.040000000000000036,-0.71,43658.8,24502.236
300350.SZ,2019-02-15,5.63,5.7,5.59,5.63,5.63,0.0,0.0,38768.01,21860.2
300350.SZ,2019-02-18,5.65,5.92,5.65,5.88,5.63,0.25,4.44,64299.23,37378.421
300350.SZ,2019-02-19,6.0,6.07,5.83,5.99,5.88,0.11000000000000032,1.87,64435.29,38218.053
300350.SZ,2019-02-20,6.05,6.05,5.86,5.96,5.99,-0.03000000000000025,-0.5,39792.4,23620.592
300350.SZ,2019-02-21,5.96,6.2,5.92,6.09,5.96,0.1299999999999999,2.18,86365.6,52516.539
300350.SZ,2019-02-22,6.05,6.25,6.01,6.24,6.09,0.15000000000000036,2.46,58133.0,35799.388
300350.SZ,2019-02-25,6.3,6.6,6.3,6.5,6.24,0.2599999999999998,4.17,124478.2,80433.15
300350.SZ,2019-02-26,6.5,6.79,6.4,6.65,6.5,0.15000000000000036,2.31,128277.44,84963.985
300350.SZ,2019-02-27,6.58,6.67,6.41,6.55,6.65,-0.10000000000000053,-1.5,92140.27,60454.509
300350.SZ,2019-02-28,6.54,6.85,6.51,6.81,6.55,0.2599999999999998,3.97,100843.0,67965.959
300350.SZ,2019-03-01,6.74,6.85,6.63,6.77,6.81,-0.040000000000000036,-0.59,60086.66,40438.582
300350.SZ,2019-03-04,6.8,7.0,6.71,6.82,6.77,0.05000000000000071,0.74,99177.2,67846.079
300350.SZ,2019-03-05,6.84,7.15,6.76,7.11,6.82,0.29000000000000004,4.25,122140.6,85209.489
300350.SZ,2019-03-06,7.14,7.26,6.96,7.18,7.11,0.0699999999999994,0.98,109024.24,77299.895
300350.SZ,2019-03-07,7.21,7.25,7.05,7.18,7.18,0.0,0.0,89082.06,63755.373
300350.SZ,2019-03-08,7.05,7.36,6.72,6.81,7.18,-0.3700000000000001,-5.15,121924.85,85642.28
300350.SZ,2019-03-11,6.92,7.49,6.82,7.49,6.81,0.6800000000000006,9.99,207893.48,151305.102
300350.SZ,2019-03-12,7.42,7.93,7.31,7.69,7.49,0.20000000000000018,2.67,184690.59,140057.121
300350.SZ,2019-03-13,7.6,7.63,7.16,7.45,7.69,-0.2400000000000002,-3.12,116673.26,86473.949
300350.SZ,2019-03-14,7.4,7.42,7.1,7.25,7.45,-0.20000000000000018,-2.68,66893.22,48415.736
300350.SZ,2019-03-15,7.24,7.45,7.15,7.29,7.25,0.040000000000000036,0.55,52430.18,38318.313
300350.SZ,2019-03-18,7.29,7.36,7.1,7.32,7.29,0.03000000000000025,0.41,44418.51,31974.762
300350.SZ,2019-03-19,7.25,7.62,7.25,7.5,7.32,0.17999999999999972,2.46,72723.13,54366.593
300350.SZ,2019-03-20,7.51,8.25,7.51,8.09,7.5,0.5899999999999999,7.87,265233.94,214600.764
300350.SZ,2019-03-21,8.09,8.2,7.53,7.6,8.09,-0.4900000000000002,-6.06,384767.98,296642.791
300350.SZ,2019-03-22,7.45,7.49,7.2,7.28,7.6,-0.3199999999999994,-4.21,179634.82,131018.827
300350.SZ,2019-03-25,7.1,7.38,7.0,7.18,7.28,-0.10000000000000053,-1.37,89442.39,64136.563
300350.SZ,2019-03-26,7.19,7.3,6.9,7.05,7.18,-0.1299999999999999,-1.81,85707.36,60896.205
300350.SZ,2019-03-27,7.09,7.17,6.92,7.01,7.05,-0.040000000000000036,-0.57,53656.0,37689.105
300350.SZ,2019-03-28,6.8,7.3,6.8,7.02,7.01,0.009999999999999787,0.14,107631.18,75999.934
300350.SZ,2019-03-29,6.96,7.18,6.9,7.15,7.02,0.13000000000000078,1.85,93535.35,65997.379
300350.SZ,2019-04-01,7.18,7.42,7.18,7.38,7.15,0.22999999999999954,3.22,101816.61,74461.984
300350.SZ,2019-04-02,7.44,7.44,7.31,7.38,7.38,0.0,0.0,61069.38,44949.529
300350.SZ,2019-04-03,7.33,8.12,7.3,8.12,7.38,0.7399999999999993,10.03,268076.24,210113.858
300350.SZ,2019-04-04,8.0,8.1,7.61,7.77,8.12,-0.34999999999999964,-4.31,213695.0,166917.428
300350.SZ,2019-04-08,7.49,7.96,7.41,7.89,7.77,0.1200000000000001,1.54,147094.22,113170.717
300350.SZ,2019-04-09,7.72,7.79,7.54,7.72,7.89,-0.16999999999999993,-2.15,81234.22,62288.801
300350.SZ,2019-04-10,7.59,7.69,7.46,7.58,7.72,-0.13999999999999968,-1.81,59911.6,45384.305
300350.SZ,2019-04-11,7.57,7.62,7.38,7.43,7.58,-0.15000000000000036,-1.98,47585.0,35678.784
300350.SZ,2019-04-12,7.47,7.72,7.37,7.54,7.43,0.11000000000000032,1.48,46299.6,34885.032
300350.SZ,2019-04-15,7.65,7.72,7.41,7.52,7.54,-0.020000000000000462,-0.27,52576.39,40090.822
300350.SZ,2019-04-16,7.55,7.88,7.35,7.74,7.52,0.22000000000000064,2.93,102609.73,78714.277
300350.SZ,2019-04-17,7.76,8.22,7.62,8.08,7.74,0.33999999999999986,4.39,182017.73,145315.063
300350.SZ,2019-04-18,7.94,8.8,7.76,7.94,8.08,-0.13999999999999968,-1.73,181465.0,148962.628
300350.SZ,2019-04-19,7.63,7.86,7.5,7.72,7.94,-0.22000000000000064,-2.77,130754.0,100001.78
300350.SZ,2019-04-22,7.7,7.75,7.45,7.53,7.72,-0.1899999999999995,-2.46,58880.4,44689.666
300350.SZ,2019-04-23,7.55,7.62,7.35,7.46,7.53,-0.07000000000000028,-0.93,60436.39,45209.854
300350.SZ,2019-04-24,7.48,7.54,7.23,7.46,7.46,0.0,0.0,58720.55,43348.457
300350.SZ,2019-04-25,7.45,7.48,7.0,7.21,7.46,-0.25,-3.35,65966.14,47757.034
300350.SZ,2019-04-26,7.1,7.93,6.97,7.27,7.21,0.05999999999999961,0.83,72346.38,52163.32
300350.SZ,2019-04-29,7.28,7.44,7.0,7.25,7.27,-0.019999999999999574,-0.28,51033.4,36711.777
300350.SZ,2019-04-30,7.18,7.41,7.14,7.29,7.25,0.040000000000000036,0.55,31856.4,23264.24
300350.SZ,2019-05-06,7.1,8.0,6.56,6.72,7.29,-0.5700000000000003,-7.82,117767.81,82979.483
300350.SZ,2019-05-07,6.7,6.8,6.27,6.57,6.72,-0.14999999999999947,-2.23,62827.8,41452.05
300350.SZ,2019-05-08,6.3,6.59,6.3,6.51,6.57,-0.0600000000000005,-0.91,32617.94,21135.369
300350.SZ,2019-05-09,6.46,6.52,6.34,6.4,6.51,-0.10999999999999943,-1.69,31329.0,20089.742
300350.SZ,2019-05-10,6.45,6.59,6.0,6.53,6.4,0.1299999999999999,2.03,43599.72,28123.341
300350.SZ,2019-05-13,6.48,6.62,6.4,6.51,6.53,-0.020000000000000462,-0.31,34570.33,22549.504
300350.SZ,2019-05-14,6.42,6.54,6.3,6.4,6.51,-0.10999999999999943,-1.69,19870.3,12787.857
300350.SZ,2019-05-15,6.48,6.52,6.4,6.5,6.4,0.09999999999999964,1.56,22561.0,14595.09
300350.SZ,2019-05-16,6.51,6.55,6.46,6.48,6.5,-0.019999999999999574,-0.31,23468.78,15262.707
300350.SZ,2019-05-17,6.47,6.53,6.03,6.06,6.48,-0.4200000000000008,-6.48,34933.19,21847.885
300350.SZ,2019-05-20,6.07,6.18,5.85,6.13,6.06,0.07000000000000028,1.16,29125.2,17576.371
300350.SZ,2019-05-21,6.11,6.35,6.1,6.25,6.13,0.1200000000000001,1.96,24204.6,15120.827
300350.SZ,2019-05-22,6.25,6.31,6.2,6.25,6.25,0.0,0.0,17954.27,11229.503
300350.SZ,2019-05-23,6.23,6.23,5.99,6.0,6.25,-0.25,-4.0,23649.17,14398.06
300350.SZ,2019-05-24,5.98,6.1,5.91,6.0,6.0,0.0,0.0,22117.2,13278.871
300350.SZ,2019-05-27,6.0,6.58,5.87,6.47,6.0,0.46999999999999975,7.83,80855.82,49669.159
300350.SZ,2019-05-28,6.33,6.38,6.19,6.28,6.47,-0.1899999999999995,-2.94,79039.4,49435.508
300350.SZ,2019-05-29,6.29,6.32,6.15,6.22,6.28,-0.0600000000000005,-0.96,43793.0,27176.054
300350.SZ,2019-05-30,6.16,6.16,5.98,6.09,6.22,-0.1299999999999999,-2.09,37975.37,22970.839
300350.SZ,2019-05-31,6.09,6.13,5.99,6.02,6.09,-0.07000000000000028,-1.15,39468.22,23882.474
300350.SZ,2019-06-03,6.02,6.17,6.01,6.05,6.02,0.03000000000000025,0.5,36636.68,22293.151
300350.SZ,2019-06-04,5.93,5.97,5.83,5.93,6.05,-0.1200000000000001,-1.98,35829.0,21117.282
300350.SZ,2019-06-05,6.02,6.05,5.89,5.9,5.93,-0.02999999999999936,-0.51,12610.6,7486.368
300350.SZ,2019-06-06,5.9,5.9,5.55,5.55,5.9,-0.35000000000000053,-5.93,47264.0,26805.998
300350.SZ,2019-06-10,5.55,5.69,5.52,5.55,5.55,0.0,0.0,16123.8,9016.584
300350.SZ,2019-06-11,5.57,5.79,5.55,5.78,5.55,0.23000000000000043,4.14,25049.3,14279.839
300350.SZ,2019-06-12,5.78,5.89,5.74,5.78,5.78,0.0,0.0,24631.6,14303.586
300350.SZ,2019-06-13,5.79,6.02,5.79,5.97,5.78,0.1899999999999995,3.29,34460.0,20485.472
300350.SZ,2019-06-14,5.97,6.09,5.9,5.9,5.97,-0.0699999999999994,-1.17,32184.42,19338.662
300350.SZ,2019-06-17,6.07,6.07,5.88,5.88,5.9,-0.020000000000000462,-0.34,22197.23,13179.343
300350.SZ,2019-06-18,5.9,5.93,5.79,5.83,5.88,-0.04999999999999982,-0.85,18193.2,10625.257
300350.SZ,2019-06-19,5.92,6.04,5.91,5.92,5.83,0.08999999999999986,1.54,26002.03,15542.895
300350.SZ,2019-06-20,5.9,6.04,5.9,5.99,5.92,0.07000000000000028,1.18,25305.6,15116.541
300350.SZ,2019-06-21,6.35,6.59,6.13,6.2,5.99,0.20999999999999996,3.51,68815.8,42821.529
300350.SZ,2019-06-24,6.2,6.22,6.04,6.1,6.2,-0.10000000000000053,-1.61,46167.8,28193.871
300350.SZ,2019-06-25,6.12,6.12,5.94,6.01,6.1,-0.08999999999999986,-1.48,50029.2,30064.053
300350.SZ,2019-06-26,5.96,6.05,5.91,6.02,6.01,0.009999999999999787,0.17,34957.04,20962.855
300350.SZ,2019-06-27,6.0,6.07,5.96,6.01,6.02,-0.009999999999999787,-0.17,38247.68,22977.948
300350.SZ,2019-06-28,5.97,6.0,5.73,5.84,6.01,-0.16999999999999993,-2.83,41974.04,24439.761
300350.SZ,2019-07-01,5.89,6.04,5.89,6.01,5.84,0.16999999999999993,2.91,36996.4,22183.724
300350.SZ,2019-07-02,6.01,6.05,5.95,6.02,6.01,0.009999999999999787,0.17,33425.38,20092.546
300350.SZ,2019-07-03,5.99,5.99,5.82,5.89,6.02,-0.1299999999999999,-2.16,29419.38,17341.277
300350.SZ,2019-07-04,5.92,5.92,5.75,5.79,5.89,-0.09999999999999964,-1.7,24048.0,14002.988
300350.SZ,2019-07-05,5.82,5.84,5.75,5.81,5.79,0.019999999999999574,0.35,20434.33,11848.32
300350.SZ,2019-07-08,5.82,5.83,5.5,5.51,5.81,-0.2999999999999998,-5.16,38441.98,21517.195
300350.SZ,2019-07-09,5.52,5.68,5.5,5.67,5.51,0.16000000000000014,2.9,25387.04,14231.259
300350.SZ,2019-07-10,5.62,5.69,5.52,5.54,5.67,-0.1299999999999999,-2.29,14103.4,7922.483
300350.SZ,2019-07-11,5.59,5.64,5.55,5.59,5.54,0.04999999999999982,0.9,12667.0,7087.49
300350.SZ,2019-07-12,5.61,5.64,5.55,5.61,5.59,0.020000000000000462,0.36,13377.4,7476.373
300350.SZ,2019-07-15,5.48,5.66,5.43,5.6,5.61,-0.010000000000000675,-0.18,28463.82,15834.836
300350.SZ,2019-07-16,5.61,5.66,5.57,5.62,5.6,0.020000000000000462,0.36,15110.86,8471.799
300350.SZ,2019-07-17,5.62,5.65,5.53,5.57,5.62,-0.04999999999999982,-0.89,21682.68,12124.009
300350.SZ,2019-07-18,5.59,5.59,5.42,5.45,5.57,-0.1200000000000001,-2.15,19528.4,10717.814
300350.SZ,2019-07-19,5.45,5.62,5.45,5.54,5.45,0.08999999999999986,1.65,19566.4,10872.218
300350.SZ,2019-07-22,5.53,5.57,5.31,5.34,5.54,-0.20000000000000018,-3.61,21683.19,11685.106
300350.SZ,2019-07-23,5.33,5.46,5.33,5.41,5.34,0.07000000000000028,1.31,13231.3,7142.852
300350.SZ,2019-07-24,5.41,5.64,5.4,5.63,5.41,0.21999999999999975,4.07,30629.0,17022.524
300350.SZ,2019-07-25,6.19,6.19,5.72,5.74,5.63,0.11000000000000032,1.95,126586.8,76271.452
300350.SZ,2019-07-26,5.63,5.69,5.41,5.5,5.74,-0.2400000000000002,-4.18,101941.98,56103.548
300350.SZ,2019-07-29,5.47,5.5,5.35,5.4,5.5,-0.09999999999999964,-1.82,48563.55,26221.669
300350.SZ,2019-07-30,5.36,5.49,5.36,5.45,5.4,0.04999999999999982,0.93,37206.34,20206.686
300350.SZ,2019-07-31,5.42,5.44,5.35,5.36,5.45,-0.08999999999999986,-1.65,17399.7,9362.294
300350.SZ,2019-08-01,5.35,5.41,5.33,5.33,5.36,-0.03000000000000025,-0.56,16720.56,8950.191
300350.SZ,2019-08-02,5.2,5.24,5.09,5.19,5.33,-0.13999999999999968,-2.63,25553.33,13231.267
300350.SZ,2019-08-05,5.17,5.26,5.11,5.11,5.19,-0.08000000000000007,-1.54,16495.79,8515.324
300350.SZ,2019-08-06,5.0,5.1,4.77,4.9,5.11,-0.20999999999999996,-4.11,28475.0,13931.971
300350.SZ,2019-08-07,4.99,4.99,4.88,4.9,4.9,0.0,0.0,13942.2,6864.971
300350.SZ,2019-08-08,4.94,5.08,4.9,4.95,4.9,0.04999999999999982,1.02,18286.6,9099.92
300350.SZ,2019-08-09,4.96,4.99,4.84,4.87,4.95,-0.08000000000000007,-1.62,12733.23,6257.56
300350.SZ,2019-08-12,4.89,4.98,4.87,4.97,4.87,0.09999999999999964,2.05,15045.2,7426.542
300350.SZ,2019-08-13,4.91,4.95,4.8,4.92,4.97,-0.04999999999999982,-1.01,11872.4,5818.619
300350.SZ,2019-08-14,4.94,4.99,4.94,4.94,4.92,0.020000000000000462,0.41,14061.64,6976.524
300350.SZ,2019-08-15,4.83,4.95,4.7,4.93,4.94,-0.010000000000000675,-0.2,25685.37,12362.812
300350.SZ,2019-08-16,4.91,5.04,4.87,4.98,4.93,0.05000000000000071,1.01,22845.16,11389.075
300350.SZ,2019-08-19,5.33,5.33,5.1,5.25,4.98,0.2699999999999996,5.42,62203.4,32253.546
300350.SZ,2019-08-20,5.28,5.53,5.25,5.31,5.25,0.05999999999999961,1.14,82541.2,44402.197
300350.SZ,2019-08-21,5.3,5.44,5.22,5.35,5.31,0.040000000000000036,0.75,56629.8,30168.093
300350.SZ,2019-08-22,5.4,5.89,5.34,5.89,5.35,0.54,10.09,66062.82,38659.642
300350.SZ,2019-08-23,6.48,6.48,6.48,6.48,5.89,0.5900000000000007,10.02,22064.26,14297.64
300350.SZ,2019-08-26,6.62,7.13,6.47,7.13,6.48,0.6499999999999995,10.03,421828.39,288070.659
300350.SZ,2019-08-27,6.9,7.58,6.7,7.0,7.13,-0.1299999999999999,-1.82,418128.66,296818.697
300350.SZ,2019-08-28,6.71,6.9,6.36,6.42,7.0,-0.5800000000000001,-8.29,285310.97,190316.387
300350.SZ,2019-08-29,6.3,7.06,6.27,7.06,6.42,0.6399999999999997,9.97,215055.49,147208.143
300350.SZ,2019-08-30,7.24,7.3,6.5,6.5,7.06,-0.5599999999999996,-7.93,286382.04,196701.604
300350.SZ,2019-09-02,6.39,6.8,6.19,6.65,6.5,0.15000000000000036,2.31,211062.0,136421.587
300350.SZ,2019-09-03,6.7,7.09,6.66,6.82,6.65,0.16999999999999993,2.56,267869.23,184420.996
300350.SZ,2019-09-04,6.8,7.47,6.39,7.21,6.82,0.3899999999999997,5.72,413872.66,289015.89
300350.SZ,2019-09-05,7.02,7.48,6.71,7.12,7.21,-0.08999999999999986,-1.25,391842.24,280376.623
300350.SZ,2019-09-06,7.05,7.15,6.78,6.92,7.12,-0.20000000000000018,-2.81,198164.86,137985.112
300350.SZ,2019-09-09,6.93,7.16,6.91,7.06,6.92,0.13999999999999968,2.02,207931.34,146187.07
300350.SZ,2019-09-10,7.05,7.15,6.71,7.15,7.06,0.09000000000000075,1.27,185739.65,129707.242
300350.SZ,2019-09-11,7.1,7.46,7.1,7.21,7.15,0.05999999999999961,0.84,230979.84,167347.042
300350.SZ,2019-09-12,7.19,7.93,6.87,7.69,7.21,0.4800000000000004,6.66,402962.1,299703.051
300350.SZ,2019-09-16,7.44,7.6,7.32,7.44,7.69,-0.25,-3.25,305738.11,227536.61
300350.SZ,2019-09-17,7.38,7.44,6.99,7.07,7.44,-0.3700000000000001,-4.97,204464.62,146547.966
300350.SZ,2019-09-18,7.03,7.11,6.78,6.79,7.07,-0.28000000000000025,-3.96,153972.26,106778.826
300350.SZ,2019-09-19,6.77,6.83,6.51,6.69,6.79,-0.09999999999999964,-1.47,146759.35,97506.07
300350.SZ,2019-09-20,6.88,6.88,6.54,6.59,6.69,-0.10000000000000053,-1.49,124581.87,83682.942
300350.SZ,2019-09-23,6.49,6.61,6.45,6.56,6.59,-0.03000000000000025,-0.46,80935.39,52724.275
300350.SZ,2019-09-24,6.57,6.69,6.47,6.55,6.56,-0.009999999999999787,-0.15,90534.48,59606.363
300350.SZ,2019-09-25,6.5,6.5,6.25,6.3,6.55,-0.25,-3.82,101504.42,64365.646
300350.SZ,2019-09-26,6.3,6.34,5.9,5.96,6.3,-0.33999999999999986,-5.4,114002.94,69263.888
300350.SZ,2019-09-27,6.03,6.06,5.94,5.96,5.96,0.0,0.0,65650.96,39408.385
300350.SZ,2019-09-30,5.8,5.96,5.8,5.84,5.96,-0.1200000000000001,-2.01,73877.48,43520.172
300350.SZ,2019-10-08,5.93,5.99,5.81,5.85,5.84,0.009999999999999787,0.17,50291.93,29723.353
300350.SZ,2019-10-09,5.84,5.99,5.8,5.99,5.85,0.14000000000000057,2.39,68663.96,40664.448
300350.SZ,2019-10-10,5.96,6.04,5.92,6.02,5.99,0.02999999999999936,0.5,72484.77,43423.685
300350.SZ,2019-10-11,6.04,6.04,5.81,5.92,6.02,-0.09999999999999964,-1.66,81144.64,48066.381
300350.SZ,2019-10-14,5.94,6.11,5.93,6.07,5.92,0.15000000000000036,2.53,87362.6,52832.331
300350.SZ,2019-10-15,5.97,5.99,5.54,5.73,6.07,-0.33999999999999986,-5.6,140149.48,80405.906
300350.SZ,2019-10-16,5.76,6.3,5.76,6.3,5.73,0.5699999999999994,9.95,103063.82,63708.989
300350.SZ,2019-10-17,6.11,6.11,5.91,5.99,6.3,-0.3099999999999996,-4.92,180300.32,108397.011
300350.SZ,2019-10-18,5.99,5.99,5.74,5.82,5.99,-0.16999999999999993,-2.84,86409.67,50504.555
300350.SZ,2019-10-21,5.95,6.09,5.8,5.9,5.82,0.08000000000000007,1.37,111859.28,66402.048
300350.SZ,2019-10-22,5.8,5.97,5.76,5.97,5.9,0.0699999999999994,1.19,90278.54,53131.683
300350.SZ,2019-10-23,6.0,6.0,5.76,5.8,5.97,-0.16999999999999993,-2.85,77419.14,45330.132
300350.SZ,2019-10-24,5.79,5.87,5.71,5.76,5.8,-0.040000000000000036,-0.69,46498.4,26907.532
300350.SZ,2019-10-25,5.75,5.83,5.6,5.77,5.76,0.009999999999999787,0.17,68142.15,38983.829
300350.SZ,2019-10-28,6.21,6.35,6.04,6.35,5.77,0.5800000000000001,10.05,279815.3,174609.881
300350.SZ,2019-10-29,6.23,6.28,6.03,6.03,6.35,-0.3199999999999994,-5.04,192065.8,118061.635
300350.SZ,2019-10-30,5.94,5.94,5.43,5.8,6.03,-0.23000000000000043,-3.81,123167.59,71102.498
300350.SZ,2019-10-31,5.79,5.93,5.56,5.57,5.8,-0.22999999999999954,-3.97,100386.8,57315.871
300350.SZ,2019-11-01,5.54,5.65,5.47,5.58,5.57,0.009999999999999787,0.18,62994.2,35122.07
300350.SZ,2019-11-04,5.59,5.61,5.39,5.43,5.58,-0.15000000000000036,-2.69,93657.4,51452.977
300350.SZ,2019-11-05,5.44,5.49,5.28,5.41,5.43,-0.019999999999999574,-0.37,64112.0,34533.575
300350.SZ,2019-11-06,5.41,5.45,5.27,5.31,5.41,-0.10000000000000053,-1.85,54294.4,28942.666
300350.SZ,2019-11-07,5.35,5.38,5.28,5.36,5.31,0.05000000000000071,0.94,40264.6,21497.729
300350.SZ,2019-11-08,5.36,5.45,5.24,5.26,5.36,-0.10000000000000053,-1.87,77062.0,41098.8
300350.SZ,2019-11-11,5.19,5.21,5.01,5.07,5.26,-0.1899999999999995,-3.61,69134.23,35241.051
300350.SZ,2019-11-12,5.12,5.12,4.98,5.07,5.07,0.0,0.0,63063.0,31752.713
300350.SZ,2019-11-13,5.08,5.11,4.98,5.0,5.07,-0.07000000000000028,-1.38,65823.4,33198.652
300350.SZ,2019-11-14,5.02,5.08,4.97,5.05,5.0,0.04999999999999982,1.0,48342.8,24380.518
300350.SZ,2019-11-15,5.06,5.08,4.95,4.95,5.05,-0.09999999999999964,-1.98,45089.2,22590.404
300350.SZ,2019-11-18,4.95,5.13,4.72,5.06,4.95,0.10999999999999943,2.22,55701.9,28052.297
300350.SZ,2019-11-19,5.06,5.22,5.03,5.21,5.06,0.15000000000000036,2.96,63408.08,32690.587
300350.SZ,2019-11-20,5.23,5.23,5.07,5.08,5.21,-0.1299999999999999,-2.5,53756.0,27600.6
300350.SZ,2019-11-21,5.05,5.16,5.02,5.09,5.08,0.009999999999999787,0.2,40915.0,20861.499
300350.SZ,2019-11-22,5.1,5.2,5.02,5.05,5.09,-0.040000000000000036,-0.79,57088.52,29124.538
300350.SZ,2019-11-25,5.06,5.09,4.99,5.06,5.05,0.009999999999999787,0.2,32080.8,16164.369
300350.SZ,2019-11-26,5.05,5.1,5.0,5.05,5.06,-0.009999999999999787,-0.2,25304.2,12774.805
300350.SZ,2019-11-27,5.03,5.07,4.97,5.0,5.05,-0.04999999999999982,-0.99,31563.0,15840.29
300350.SZ,2019-11-28,4.98,5.13,4.97,5.02,5.0,0.019999999999999574,0.4,33285.2,16842.181
300350.SZ,2019-11-29,5.0,5.03,4.89,5.0,5.02,-0.019999999999999574,-0.4,48089.24,23829.26
300350.SZ,2019-12-02,4.99,5.2,4.97,5.1,5.0,0.09999999999999964,2.0,64355.4,32628.261
300350.SZ,2019-12-03,5.02,5.09,4.95,5.05,5.1,-0.04999999999999982,-0.98,63331.68,31734.959
300350.SZ,2019-12-04,5.01,5.06,4.99,5.03,5.05,-0.019999999999999574,-0.4,33858.9,17006.807
300350.SZ,2019-12-05,5.05,5.34,5.03,5.17,5.03,0.13999999999999968,2.78,107376.04,55661.937
300350.SZ,2019-12-06,5.17,5.2,5.12,5.19,5.17,0.020000000000000462,0.39,63541.31,32763.01
300350.SZ,2019-12-09,5.19,5.22,5.15,5.18,5.19,-0.010000000000000675,-0.19,42951.4,22258.59
300350.SZ,2019-12-10,5.16,5.26,5.09,5.25,5.18,0.07000000000000028,1.35,66701.83,34529.256
300350.SZ,2019-12-11,5.25,5.26,5.16,5.22,5.25,-0.03000000000000025,-0.57,50172.38,26122.092
300350.SZ,2019-12-12,5.19,5.26,5.16,5.19,5.22,-0.02999999999999936,-0.57,46859.6,24407.18
300350.SZ,2019-12-13,5.24,5.25,5.17,5.24,5.19,0.04999999999999982,0.96,61986.4,32337.558
300350.SZ,2019-12-16,5.26,5.34,5.24,5.34,5.24,0.09999999999999964,1.91,70562.23,37333.383
300350.SZ,2019-12-17,5.32,5.45,5.3,5.41,5.34,0.07000000000000028,1.31,81027.8,43651.359
300350.SZ,2019-12-18,5.4,5.46,5.38,5.38,5.41,-0.03000000000000025,-0.55,63840.0,34547.965
300350.SZ,2019-12-19,5.4,5.52,5.4,5.46,5.38,0.08000000000000007,1.49,72545.48,39651.683
300350.SZ,2019-12-20,5.52,5.55,5.34,5.35,5.46,-0.11000000000000032,-2.01,64256.28,34933.566
300350.SZ,2019-12-23,5.37,5.37,5.17,5.18,5.35,-0.16999999999999993,-3.18,52631.6,27623.537
300350.SZ,2019-12-24,5.18,5.27,5.18,5.26,5.18,0.08000000000000007,1.54,46585.4,24387.891
300350.SZ,2019-12-25,5.25,5.3,5.19,5.24,5.26,-0.019999999999999574,-0.38,52086.8,27343.286
300350.SZ,2019-12-26,5.25,5.27,5.16,5.26,5.24,0.019999999999999574,0.38,42920.4,22423.129
300350.SZ,2019-12-27,5.26,5.33,5.24,5.25,5.26,-0.009999999999999787,-0.19,62588.06,33054.869
300350.SZ,2019-12-30,5.21,5.24,5.05,5.21,5.25,-0.040000000000000036,-0.76,54910.6,28285.447
300350.SZ,2019-12-31,5.16,5.22,5.15,5.2,5.21,-0.009999999999999787,-0.19,39595.62,20506.773
300350.SZ,2020-01-02,5.22,5.36,5.22,5.34,5.2,0.13999999999999968,2.69,67303.54,35659.582
300350.SZ,2020-01-03,5.35,5.4,5.32,5.39,5.34,0.04999999999999982,0.94,52706.59,28292.863
300350.SZ,2020-01-06,5.39,5.52,5.29,5.45,5.39,0.0600000000000005,1.11,75747.57,41169.425
300350.SZ,2020-01-07,5.48,5.53,5.43,5.53,5.45,0.08000000000000007,1.47,76466.05,41928.895
300350.SZ,2020-01-08,5.5,5.5,5.33,5.37,5.53,-0.16000000000000014,-2.89,83166.22,45114.821
300350.SZ,2020-01-09,5.43,5.52,5.42,5.46,5.37,0.08999999999999986,1.68,52341.35,28605.318
300350.SZ,2020-01-10,5.49,5.51,5.36,5.4,5.46,-0.05999999999999961,-1.1,44196.6,23926.233
300350.SZ,2020-01-13,5.36,5.42,5.28,5.38,5.4,-0.020000000000000462,-0.37,63034.2,33608.536
300350.SZ,2020-01-14,5.4,5.47,5.37,5.37,5.38,-0.009999999999999787,-0.19,58520.2,31680.111
300350.SZ,2020-01-15,5.36,5.4,5.25,5.28,5.37,-0.08999999999999986,-1.68,54462.97,28822.738
300350.SZ,2020-01-16,5.31,5.31,5.14,5.16,5.28,-0.1200000000000001,-2.27,64891.6,33801.424
300350.SZ,2020-01-17,5.19,5.2,5.06,5.08,5.16,-0.08000000000000007,-1.55,60099.4,30736.018
300350.SZ,2020-01-20,5.08,5.1,4.99,5.07,5.08,-0.009999999999999787,-0.2,68168.4,34372.229
300350.SZ,2020-01-21,5.07,5.07,4.95,4.96,5.07,-0.11000000000000032,-2.17,60444.24,30186.11
300350.SZ,2020-01-22,4.98,4.99,4.83,4.94,4.96,-0.019999999999999574,-0.4,53225.59,26162.954
300350.SZ,2020-01-23,4.45,4.64,4.45,4.45,4.94,-0.4900000000000002,-9.92,146094.32,65655.86
300350.SZ,2020-02-03,4.01,4.01,4.01,4.01,4.45,-0.4400000000000004,-9.89,10399.0,4169.999
300350.SZ,2020-02-04,3.61,3.84,3.61,3.81,4.01,-0.19999999999999973,-4.99,106145.04,39832.529
300350.SZ,2020-02-05,3.84,4.05,3.82,4.04,3.81,0.22999999999999998,6.04,81938.52,32480.12
300350.SZ,2020-02-06,4.1,4.23,3.97,4.16,4.04,0.1200000000000001,2.97,70887.99,29247.554
300350.SZ,2020-02-07,4.13,4.2,4.1,4.18,4.16,0.019999999999999574,0.48,59483.22,24682.593
300350.SZ,2020-02-10,4.18,4.3,4.18,4.24,4.18,0.0600000000000005,1.44,52277.58,22147.554
300350.SZ,2020-02-11,4.25,4.31,4.2,4.23,4.24,-0.009999999999999787,-0.24,45860.4,19467.605
300350.SZ,2020-02-12,4.23,4.33,4.2,4.31,4.23,0.07999999999999918,1.89,42645.91,18241.383
300350.SZ,2020-02-13,4.35,4.42,4.21,4.26,4.31,-0.04999999999999982,-1.16,56566.0,24399.62
300350.SZ,2020-02-14,4.16,4.29,4.16,4.19,4.26,-0.0699999999999994,-1.64,43848.69,18529.672
300350.SZ,2020-02-17,4.31,4.61,4.26,4.61,4.19,0.41999999999999993,10.02,102439.2,45793.004
300350.SZ,2020-02-18,4.8,5.04,4.57,4.61,4.61,0.0,0.0,231867.31,109733.82
300350.SZ,2020-02-19,4.53,4.67,4.46,4.58,4.61,-0.03000000000000025,-0.65,127090.4,58069.824
300350.SZ,2020-02-20,4.54,4.64,4.49,4.63,4.58,0.04999999999999982,1.09,95821.66,43940.595
300350.SZ,2020-02-21,4.65,4.7,4.58,4.68,4.63,0.04999999999999982,1.08,95037.22,44123.25
300350.SZ,2020-02-24,4.6,4.74,4.58,4.73,4.68,0.05000000000000071,1.07,98943.99,46168.324
300350.SZ,2020-02-25,4.6,4.63,4.38,4.61,4.73,-0.1200000000000001,-2.54,111371.92,50681.502
300350.SZ,2020-02-26,4.56,4.68,4.51,4.55,4.61,-0.0600000000000005,-1.3,75630.65,34750.721
300350.SZ,2020-02-27,4.54,4.62,4.52,4.57,4.55,0.020000000000000462,0.44,48072.9,21948.167
300350.SZ,2020-02-28,4.49,4.49,4.15,4.17,4.57,-0.40000000000000036,-8.75,77061.23,33172.993
300350.SZ,2020-03-02,4.18,4.43,4.18,4.38,4.17,0.20999999999999996,5.04,61572.93,26776.509
300350.SZ,2020-03-03,4.45,4.54,4.35,4.41,4.38,0.03000000000000025,0.68,60636.43,27022.73
300350.SZ,2020-03-04,4.41,4.53,4.4,4.51,4.41,0.09999999999999964,2.27,51388.22,23006.51
300350.SZ,2020-03-05,4.56,4.64,4.49,4.63,4.51,0.1200000000000001,2.66,70867.98,32433.92
300350.SZ,2020-03-06,4.54,4.85,4.51,4.7,4.63,0.07000000000000028,1.51,126684.58,59522.849
300350.SZ,2020-03-09,4.72,4.82,4.57,4.6,4.7,-0.10000000000000053,-2.13,106087.82,49769.18
300350.SZ,2020-03-10,4.48,4.67,4.35,4.63,4.6,0.03000000000000025,0.65,90209.42,40750.797
300350.SZ,2020-03-11,4.63,4.8,4.63,4.65,4.63,0.020000000000000462,0.43,89332.82,42048.587
300350.SZ,2020-03-12,4.53,4.63,4.49,4.51,4.65,-0.14000000000000057,-3.01,56694.8,25787.307
300350.SZ,2020-03-13,4.21,4.49,4.21,4.45,4.51,-0.05999999999999961,-1.33,67242.14,29189.63
300350.SZ,2020-03-16,4.51,4.59,4.25,4.26,4.45,-0.1900000000000004,-4.27,62357.6,27795.082
300350.SZ,2020-03-17,4.4,4.4,4.09,4.2,4.26,-0.05999999999999961,-1.41,51833.78,21839.426
300350.SZ,2020-03-18,4.24,4.31,4.07,4.07,4.2,-0.1299999999999999,-3.1,55840.2,23432.742
300350.SZ,2020-03-19,4.07,4.13,3.94,4.11,4.07,0.040000000000000036,0.98,52616.98,21229.449
300350.SZ,2020-03-20,4.15,4.21,4.08,4.17,4.11,0.05999999999999961,1.46,43115.4,17846.915
300350.SZ,2020-03-23,4.11,4.13,4.0,4.03,4.17,-0.13999999999999968,-3.36,34488.34,14044.94
300350.SZ,2020-03-24,4.1,4.13,3.99,4.12,4.03,0.08999999999999986,2.23,30461.0,12420.419
300350.SZ,2020-03-25,4.19,4.28,4.13,4.27,4.12,0.14999999999999947,3.64,62972.94,26522.067
300350.SZ,2020-03-26,4.2,4.26,4.18,4.21,4.27,-0.05999999999999961,-1.41,35000.24,14755.843
300350.SZ,2020-03-27,4.24,4.26,4.08,4.09,4.21,-0.1200000000000001,-2.85,46857.4,19453.338
300350.SZ,2020-03-30,4.07,4.07,3.85,3.87,4.09,-0.21999999999999975,-5.38,50528.2,19768.438
300350.SZ,2020-03-31,3.95,3.95,3.82,3.85,3.87,-0.020000000000000018,-0.52,42842.1,16650.846
300350.SZ,2020-04-01,3.85,3.9,3.76,3.79,3.85,-0.06000000000000005,-1.56,34751.6,13309.051
300350.SZ,2020-04-02,3.78,3.97,3.73,3.95,3.79,0.16000000000000014,4.22,39543.82,15226.676
300350.SZ,2020-04-03,3.94,4.09,3.92,4.05,3.95,0.09999999999999964,2.53,60022.62,24091.203
300350.SZ,2020-04-07,4.05,4.24,4.05,4.17,4.05,0.1200000000000001,2.96,62802.78,26065.552
300350.SZ,2020-04-08,4.17,4.28,4.15,4.23,4.17,0.0600000000000005,1.44,54070.99,22798.431
300350.SZ,2020-04-09,4.2,4.33,4.19,4.26,4.23,0.02999999999999936,0.71,45752.55,19545.396
300350.SZ,2020-04-10,4.21,4.28,4.12,4.19,4.26,-0.0699999999999994,-1.64,48556.11,20330.883
300350.SZ,2020-04-13,4.17,4.18,4.08,4.1,4.19,-0.09000000000000075,-2.15,25756.8,10615.751
300350.SZ,2020-04-14,4.1,4.15,4.06,4.11,4.1,0.010000000000000675,0.24,39157.14,16054.861
300350.SZ,2020-04-15,4.14,4.16,4.0,4.0,4.11,-0.11000000000000032,-2.68,34704.4,14157.974
300350.SZ,2020-04-16,4.03,4.07,3.97,4.04,4.0,0.040000000000000036,1.0,33756.44,13578.545
300350.SZ,2020-04-17,4.07,4.13,3.95,3.95,4.04,-0.08999999999999986,-2.23,41603.0,16749.601
300350.SZ,2020-04-20,3.89,3.95,3.84,3.87,3.95,-0.08000000000000007,-2.03,49614.59,19298.653
300350.SZ,2020-04-21,3.87,3.87,3.77,3.82,3.87,-0.050000000000000266,-1.29,38325.2,14647.304
300350.SZ,2020-04-22,3.81,3.93,3.76,3.9,3.82,0.08000000000000007,2.09,38857.03,15011.137
300350.SZ,2020-04-23,3.9,4.06,3.87,3.97,3.9,0.07000000000000028,1.79,63539.4,25314.726
300350.SZ,2020-04-24,3.94,3.97,3.81,3.81,3.97,-0.16000000000000014,-4.03,47218.68,18272.222
300350.SZ,2020-04-27,3.82,3.89,3.68,3.68,3.81,-0.1299999999999999,-3.41,47208.2,17692.16
300350.SZ,2020-04-28,3.72,3.72,3.32,3.41,3.68,-0.27,-7.34,92234.44,31951.941
300350.SZ,2020-04-29,3.44,3.66,3.38,3.43,3.41,0.020000000000000018,0.59,72033.2,25389.014
300350.SZ,2020-04-30,3.44,3.57,3.44,3.54,3.43,0.10999999999999988,3.21,46461.03,16292.759
300350.SZ,2020-05-06,3.53,3.68,3.5,3.68,3.54,0.14000000000000012,3.95,59734.39,21624.38
300350.SZ,2020-05-07,3.65,3.77,3.61,3.66,3.68,-0.020000000000000018,-0.54,35338.81,13049.899
300350.SZ,2020-05-08,3.66,3.75,3.65,3.65,3.66,-0.010000000000000231,-0.27,35252.87,12998.47
300350.SZ,2020-05-11,3.67,3.7,3.55,3.59,3.65,-0.06000000000000005,-1.64,46416.14,16757.472
300350.SZ,2020-05-12,3.57,3.62,3.48,3.54,3.59,-0.04999999999999982,-1.39,34987.15,12391.428
300350.SZ,2020-05-13,3.53,3.55,3.48,3.52,3.54,-0.020000000000000018,-0.56,31372.58,11021.569
300350.SZ,2020-05-14,3.48,3.51,3.45,3.46,3.52,-0.06000000000000005,-1.7,28189.6,9801.624
300350.SZ,2020-05-15,3.81,3.81,3.81,3.81,3.46,0.3500000000000001,10.12,35253.03,13431.404
300350.SZ,2020-05-18,4.19,4.19,4.19,4.19,3.81,0.38000000000000034,9.97,36132.2,15139.391
300350.SZ,2020-05-19,4.61,4.61,4.04,4.3,4.19,0.10999999999999943,2.63,415014.27,175961.453
300350.SZ,2020-05-20,4.15,4.15,3.87,3.88,4.3,-0.41999999999999993,-9.77,308300.69,123786.038
300350.SZ,2020-05-21,4.19,4.2,3.9,3.93,3.88,0.050000000000000266,1.29,253190.5,102125.089
300350.SZ,2020-05-22,3.68,4.01,3.6,3.78,3.93,-0.15000000000000036,-3.82,231522.25,87350.848
300350.SZ,2020-05-25,3.72,3.8,3.53,3.53,3.78,-0.25,-6.61,161091.23,58215.662
300350.SZ,2020-05-26,3.55,3.61,3.48,3.58,3.53,0.050000000000000266,1.42,102649.89,36461.582
300350.SZ,2020-05-27,3.57,3.58,3.45,3.49,3.58,-0.08999999999999986,-2.51,104541.33,36557.668
300350.SZ,2020-05-28,3.48,3.5,3.37,3.46,3.49,-0.03000000000000025,-0.86,97542.96,33593.949
300350.SZ,2020-05-29,3.43,3.48,3.42,3.43,3.46,-0.029999999999999805,-0.87,84501.0,29151.243
300350.SZ,2020-06-01,3.47,3.6,3.42,3.58,3.43,0.1499999999999999,4.37,126872.52,44873.949
300350.SZ,2020-06-02,3.62,3.74,3.58,3.63,3.58,0.04999999999999982,1.4,123391.99,45068.662
300350.SZ,2020-06-03,3.74,3.8,3.66,3.66,3.63,0.03000000000000025,0.83,126849.22,47199.456
300350.SZ,2020-06-04,3.64,3.79,3.64,3.74,3.66,0.08000000000000007,2.19,116857.79,43424.853
300350.SZ,2020-06-05,3.74,3.81,3.67,3.76,3.74,0.019999999999999574,0.53,89131.8,33438.306
300350.SZ,2020-06-08,3.79,3.79,3.66,3.67,3.76,-0.08999999999999986,-2.39,65164.11,24081.888
300350.SZ,2020-06-09,3.63,3.83,3.63,3.76,3.67,0.08999999999999986,2.45,81117.6,30201.108
300350.SZ,2020-06-10,3.72,3.75,3.68,3.7,3.76,-0.05999999999999961,-1.6,57531.6,21310.238
300350.SZ,2020-06-11,3.72,3.77,3.64,3.68,3.7,-0.020000000000000018,-0.54,54344.42,20155.76
300350.SZ,2020-06-12,3.62,3.84,3.53,3.77,3.68,0.08999999999999986,2.45,103876.54,38687.256
300350.SZ,2020-06-15,3.72,3.95,3.71,3.84,3.77,0.06999999999999984,1.86,108736.0,41987.337
300350.SZ,2020-06-16,3.91,3.91,3.79,3.84,3.84,0.0,0.0,78223.0,30000.202
300350.SZ,2020-06-17,3.81,3.83,3.75,3.8,3.84,-0.040000000000000036,-1.04,57919.63,21957.446
300350.SZ,2020-06-18,3.81,3.81,3.74,3.77,3.8,-0.029999999999999805,-0.79,37227.8,14029.87
300350.SZ,2020-06-19,3.79,3.82,3.76,3.77,3.77,0.0,0.0,41637.0,15744.097
300350.SZ,2020-06-22,3.78,3.79,3.73,3.74,3.77,-0.029999999999999805,-0.8,50478.28,18961.781
300350.SZ,2020-06-23,3.78,3.78,3.67,3.67,3.74,-0.07000000000000028,-1.87,38527.2,14239.621
300350.SZ,2020-06-24,3.66,3.69,3.59,3.61,3.67,-0.06000000000000005,-1.63,44316.6,16034.448
300350.SZ,2020-06-29,3.56,3.64,3.52,3.56,3.61,-0.04999999999999982,-1.39,43903.4,15671.285
300350.SZ,2020-06-30,3.57,3.69,3.57,3.67,3.56,0.10999999999999988,3.09,54675.4,19898.477
300350.SZ,2020-07-01,3.69,3.74,3.61,3.66,3.67,-0.009999999999999787,-0.27,56801.29,20873.342
300350.SZ,2020-07-02,3.65,3.8,3.63,3.77,3.66,0.10999999999999988,3.01,88948.33,33251.105
300350.SZ,2020-07-03,3.78,4.04,3.74,3.9,3.77,0.1299999999999999,3.45,147927.6,57304.733
300350.SZ,2020-07-06,3.96,4.15,3.9,4.09,3.9,0.18999999999999995,4.87,133320.82,53610.505
300350.SZ,2020-07-07,4.12,4.2,4.0,4.1,4.09,0.009999999999999787,0.24,134938.03,55423.731
300350.SZ,2020-07-08,4.09,4.15,4.04,4.14,4.1,0.040000000000000036,0.98,108024.15,44204.307
300350.SZ,2020-07-09,4.14,4.28,4.06,4.27,4.14,0.1299999999999999,3.14,101416.62,42813.639
300350.SZ,2020-07-10,4.24,4.39,4.2,4.26,4.27,-0.009999999999999787,-0.23,143158.8,61811.924
300350.SZ,2020-07-13,4.26,4.45,4.2,4.37,4.26,0.11000000000000032,2.58,132514.6,57216.384
300350.SZ,2020-07-14,4.38,4.43,4.23,4.3,4.37,-0.07000000000000028,-1.6,102997.81,44681.887
300350.SZ,2020-07-15,4.36,4.36,4.08,4.16,4.3,-0.13999999999999968,-3.26,102324.83,43018.01
300350.SZ,2020-07-16,4.19,4.22,3.95,3.98,4.16,-0.18000000000000016,-4.33,84689.6,34738.193
300350.SZ,2020-07-17,4.06,4.06,3.91,3.93,3.98,-0.04999999999999982,-1.26,68103.47,27093.681
300350.SZ,2020-07-20,3.96,4.13,3.96,4.13,3.93,0.19999999999999973,5.09,59809.72,24359.936
300350.SZ,2020-07-21,4.14,4.19,4.08,4.15,4.13,0.020000000000000462,0.48,56562.76,23386.683
300350.SZ,2020-07-22,4.17,4.2,4.1,4.12,4.15,-0.03000000000000025,-0.72,49968.6,20773.162
300350.SZ,2020-07-23,4.08,4.12,3.95,4.05,4.12,-0.07000000000000028,-1.7,65033.0,26118.116
300350.SZ,2020-07-24,4.05,4.08,3.84,3.9,4.05,-0.1499999999999999,-3.7,67925.8,26896.477
300350.SZ,2020-07-27,3.84,3.95,3.8,3.87,3.9,-0.029999999999999805,-0.77,60468.48,23309.023
300350.SZ,2020-07-28,3.9,4.11,3.88,3.99,3.87,0.1200000000000001,3.1,72717.55,29065.205
300350.SZ,2020-07-29,3.97,4.08,3.9,4.08,3.99,0.08999999999999986,2.26,65889.55,26587.857
300350.SZ,2020-07-30,4.09,4.1,3.98,3.99,4.08,-0.08999999999999986,-2.21,59019.35,23830.002
300350.SZ,2020-07-31,3.98,4.1,3.96,4.1,3.99,0.10999999999999943,2.76,60577.8,24444.743
300350.SZ,2020-08-03,4.11,4.36,4.1,4.33,4.1,0.23000000000000043,5.61,118325.6,50271.951
300350.SZ,2020-08-04,4.39,4.39,4.26,4.3,4.33,-0.03000000000000025,-0.69,85202.59,36794.531
300350.SZ,2020-08-05,4.3,4.35,4.21,4.32,4.3,0.020000000000000462,0.47,65330.39,28044.659
300350.SZ,2020-08-06,4.34,4.34,4.16,4.27,4.32,-0.05000000000000071,-1.16,59841.77,25432.802
300350.SZ,2020-08-07,4.27,4.28,4.08,4.15,4.27,-0.11999999999999922,-2.81,49664.8,20627.551
300350.SZ,2020-08-10,4.14,4.32,4.14,4.21,4.15,0.05999999999999961,1.45,55499.8,23398.824
300350.SZ,2020-08-11,4.21,4.24,4.04,4.06,4.21,-0.15000000000000036,-3.56,60713.8,25045.365
300350.SZ,2020-08-12,4.04,4.12,3.95,4.09,4.06,0.03000000000000025,0.74,58350.16,23447.84
300350.SZ,2020-08-13,4.06,4.34,4.06,4.34,4.09,0.25,6.11,121549.24,51683.831
300350.SZ,2020-08-14,4.33,4.77,4.26,4.77,4.34,0.4299999999999997,9.91,207288.13,94772.423
300350.SZ,2020-08-17,4.99,5.25,4.91,5.25,4.77,0.4800000000000004,10.06,320406.11,164808.687
300350.SZ,2020-08-18,5.4,5.78,5.39,5.78,5.25,0.5300000000000002,10.1,755985.82,428986.749
300350.SZ,2020-08-19,5.73,6.35,5.55,5.94,5.78,0.16000000000000014,2.77,898851.71,540259.511
300350.SZ,2020-08-20,5.35,5.66,5.35,5.56,5.94,-0.3800000000000008,-6.4,560444.49,303818.313
300350.SZ,2020-08-21,5.66,6.05,5.5,5.52,5.56,-0.040000000000000036,-0.72,624815.66,360217.08
300350.SZ,2020-08-24,5.01,5.96,4.8,5.66,5.52,0.14000000000000057,2.54,593626.64,317589.281
300350.SZ,2020-08-25,5.46,6.7,5.43,6.41,5.66,0.75,13.25,745572.76,459375.21
300350.SZ,2020-08-26,6.12,6.28,5.55,5.81,6.41,-0.6000000000000005,-9.36,537633.44,316739.784
300350.SZ,2020-08-27,5.86,6.09,5.38,5.65,5.81,-0.15999999999999925,-2.75,411032.51,236218.685
300350.SZ,2020-08-28,5.43,5.89,5.2,5.7,5.65,0.04999999999999982,0.88,382358.03,211175.208
300350.SZ,2020-08-31,5.6,5.81,5.46,5.62,5.7,-0.08000000000000007,-1.4,326293.49,183618.057
300350.SZ,2020-09-01,5.5,6.02,5.35,6.02,5.62,0.39999999999999947,7.12,475623.66,270547.203
300350.SZ,2020-09-02,6.03,6.94,5.86,6.45,6.02,0.4300000000000006,7.14,693626.01,451193.433
300350.SZ,2020-09-03,6.21,6.34,6.01,6.03,6.45,-0.41999999999999993,-6.51,438843.49,269837.738
300350.SZ,2020-09-04,5.75,6.58,5.62,6.4,6.03,0.3700000000000001,6.14,458143.25,284861.802
300350.SZ,2020-09-07,6.32,6.9,6.25,6.47,6.4,0.0699999999999994,1.09,572878.61,376553.376
300350.SZ,2020-09-08,6.46,7.76,6.1,7.76,6.47,1.29,19.94,806817.43,575451.538
300350.SZ,2020-09-09,7.6,8.3,6.45,6.71,7.76,-1.0499999999999998,-13.53,1001433.86,760993.091
300350.SZ,2020-09-10,6.68,7.26,5.7,6.07,6.71,-0.6399999999999997,-9.54,712512.04,472433.915
300350.SZ,2020-09-11,5.45,5.96,5.02,5.74,6.07,-0.33000000000000007,-5.44,426357.2,239042.768
300350.SZ,2020-09-14,5.64,6.2,5.64,6.11,5.74,0.3700000000000001,6.45,410024.88,245478.406
300350.SZ,2020-09-15,6.03,6.2,5.68,5.76,6.11,-0.35000000000000053,-5.73,354230.6,209290.069
300350.SZ,2020-09-16,5.8,5.86,5.43,5.52,5.76,-0.2400000000000002,-4.17,272940.72,152624.059
300350.SZ,2020-09-17,5.56,5.59,5.29,5.39,5.52,-0.1299999999999999,-2.36,241286.74,130790.905
300350.SZ,2020-09-18,5.39,5.75,5.23,5.6,5.39,0.20999999999999996,3.9,296328.74,161757.682
300350.SZ,2020-09-21,5.57,5.83,5.42,5.67,5.6,0.07000000000000028,1.25,321213.42,180133.054
300350.SZ,2020-09-22,5.52,5.59,5.36,5.42,5.67,-0.25,-4.41,210908.3,115460.839
300350.SZ,2020-09-23,5.46,5.54,5.39,5.49,5.42,0.07000000000000028,1.29,173170.94,94853.82
300350.SZ,2020-09-24,5.4,5.44,5.07,5.15,5.49,-0.33999999999999986,-6.19,206002.74,107870.181
300350.SZ,2020-09-25,5.21,5.23,5.05,5.07,5.15,-0.08000000000000007,-1.55,115430.12,59210.229
300350.SZ,2020-09-28,5.13,5.13,4.96,4.99,5.07,-0.08000000000000007,-1.58,107183.84,54096.416
300350.SZ,2020-09-29,5.04,5.24,4.94,5.1,4.99,0.10999999999999943,2.2,122401.68,62482.685
300350.SZ,2020-09-30,5.11,5.15,5.01,5.04,5.1,-0.05999999999999961,-1.18,87349.6,44297.103
300350.SZ,2020-10-09,5.13,5.45,5.13,5.39,5.04,0.34999999999999964,6.94,177694.26,95015.902
300350.SZ,2020-10-12,5.58,5.85,5.42,5.72,5.39,0.33000000000000007,6.12,346490.42,195975.646
300350.SZ,2020-10-13,5.66,6.28,5.64,6.13,5.72,0.41000000000000014,7.17,459110.6,274305.006
300350.SZ,2020-10-14,6.02,6.54,6.0,6.21,6.13,0.08000000000000007,1.31,447474.83,279893.897
300350.SZ,2020-10-15,6.3,6.3,5.96,6.15,6.21,-0.05999999999999961,-0.97,273945.72,167144.93
300350.SZ,2020-10-16,6.1,6.55,6.06,6.36,6.15,0.20999999999999996,3.41,379014.67,241366.672
300350.SZ,2020-10-19,6.31,6.65,6.25,6.4,6.36,0.040000000000000036,0.63,320266.14,206446.241
300350.SZ,2020-10-20,6.3,6.73,6.3,6.56,6.4,0.15999999999999925,2.5,306681.46,199469.602
300350.SZ,2020-10-21,6.83,6.95,6.41,6.44,6.56,-0.11999999999999922,-1.83,395886.13,263250.169
300350.SZ,2020-10-22,6.35,6.63,6.3,6.37,6.44,-0.07000000000000028,-1.09,317878.04,205250.913
300350.SZ,2020-10-23,6.34,6.5,5.92,6.02,6.37,-0.35000000000000053,-5.49,344141.56,212426.228
300350.SZ,2020-10-26,6.02,6.22,5.89,6.11,6.02,0.09000000000000075,1.5,233005.86,141616.57
300350.SZ,2020-10-27,6.1,7.33,6.0,7.33,6.11,1.2199999999999998,19.97,541411.03,383009.506
300350.SZ,2020-10-28,7.7,8.0,6.81,7.09,7.33,-0.2400000000000002,-3.27,938792.39,675971.561
300350.SZ,2020-10-29,6.7,7.04,6.66,6.69,7.09,-0.39999999999999947,-5.64,584878.27,399618.751
300350.SZ,2020-10-30,6.65,6.8,6.05,6.05,6.69,-0.6400000000000006,-9.57,488600.14,308035.372
300350.SZ,2020-11-02,6.03,6.27,5.98,6.21,6.05,0.16000000000000014,2.64,343679.0,210967.514
300350.SZ,2020-11-03,6.27,6.44,6.2,6.33,6.21,0.1200000000000001,1.93,325300.48,205936.216
300350.SZ,2020-11-04,6.38,7.6,6.2,7.6,6.33,1.2699999999999996,20.06,909247.4,653143.786
300350.SZ,2020-11-05,7.79,7.92,7.24,7.5,7.6,-0.09999999999999964,-1.32,942421.34,709158.875
300350.SZ,2020-11-06,7.5,8.14,7.21,7.4,7.5,-0.09999999999999964,-1.33,905938.62,691597.407
300350.SZ,2020-11-09,7.33,8.41,7.32,7.9,7.4,0.5,6.76,837955.68,652594.849
300350.SZ,2020-11-10,7.78,7.8,7.05,7.25,7.9,-0.6500000000000004,-8.23,618518.62,449166.633
300350.SZ,2020-11-11,7.27,7.43,6.79,6.82,7.25,-0.4299999999999997,-5.93,416791.63,293625.912
300350.SZ,2020-11-12,6.68,8.18,6.68,8.18,6.82,1.3599999999999994,19.94,673924.85,524305.621
300350.SZ,2020-11-13,8.0,8.1,7.31,7.48,8.18,-0.6999999999999993,-8.56,782422.29,597581.363
300350.SZ,2020-11-16,7.56,7.95,7.44,7.68,7.48,0.1999999999999993,2.67,662933.18,509424.659
300350.SZ,2020-11-17,7.6,8.23,7.11,8.04,7.68,0.35999999999999943,4.69,774772.71,589391.801
300350.SZ,2020-11-18,7.85,8.15,7.62,7.64,8.04,-0.39999999999999947,-4.98,608025.82,473864.843
300350.SZ,2020-11-19,7.59,8.48,7.42,7.92,7.64,0.28000000000000025,3.66,826734.87,664489.618
300350.SZ,2020-11-20,7.94,8.65,7.68,8.2,7.92,0.27999999999999936,3.54,759182.76,618576.721
300350.SZ,2020-11-23,7.92,8.14,7.69,7.93,8.2,-0.2699999999999996,-3.29,503285.12,398987.79
300350.SZ,2020-11-24,7.82,7.88,7.45,7.59,7.93,-0.33999999999999986,-4.29,417548.9,317359.095
300350.SZ,2020-11-25,7.55,7.99,7.48,7.66,7.59,0.07000000000000028,0.92,386182.8,299542.341
300350.SZ,2020-11-26,7.0,7.0,6.3,6.56,7.66,-1.1000000000000005,-14.36,552786.72,367015.784
300350.SZ,2020-11-27,6.45,6.65,6.12,6.23,6.56,-0.3299999999999992,-5.03,356079.48,225861.642
300350.SZ,2020-11-30,6.06,6.33,6.04,6.19,6.23,-0.040000000000000036,-0.64,267061.02,165365.383
300350.SZ,2020-12-01,6.18,6.33,6.03,6.33,6.19,0.13999999999999968,2.26,248484.48,153871.212
300350.SZ,2020-12-02,6.26,6.32,6.12,6.15,6.33,-0.17999999999999972,-2.84,203651.0,125981.81
300350.SZ,2020-12-03,6.11,6.42,6.07,6.27,6.15,0.11999999999999922,1.95,278598.2,175942.178
300350.SZ,2020-12-04,6.16,6.25,6.11,6.12,6.27,-0.14999999999999947,-2.39,180932.5,111367.589
300350.SZ,2020-12-07,6.1,6.18,5.93,5.98,6.12,-0.13999999999999968,-2.29,168516.3,101660.118
300350.SZ,2020-12-08,5.96,6.03,5.84,5.91,5.98,-0.07000000000000028,-1.17,167085.2,98832.744
300350.SZ,2020-12-09,5.88,5.89,5.61,5.62,5.91,-0.29000000000000004,-4.91,187378.4,107777.394
300350.SZ,2020-12-10,5.65,6.04,5.63,5.78,5.62,0.16000000000000014,2.85,204877.02,119360.84
300350.SZ,2020-12-11,5.72,5.98,5.58,5.87,5.78,0.08999999999999986,1.56,201290.4,117084.494
300350.SZ,2020-12-14,5.88,5.92,5.68,5.77,5.87,-0.10000000000000053,-1.7,143701.0,82946.093
300350.SZ,2020-12-15,5.73,5.79,5.48,5.56,5.77,-0.20999999999999996,-3.64,179965.71,100634.745
300350.SZ,2020-12-16,5.64,5.7,5.36,5.41,5.56,-0.14999999999999947,-2.7,145462.9,79717.373
300350.SZ,2020-12-17,5.39,5.49,5.27,5.41,5.41,0.0,0.0,135277.42,72697.621
300350.SZ,2020-12-18,5.41,5.48,5.28,5.31,5.41,-0.10000000000000053,-1.85,135301.11,72583.946
300350.SZ,2020-12-21,5.21,5.42,5.2,5.35,5.31,0.040000000000000036,0.75,121148.91,64672.294
300350.SZ,2020-12-22,5.38,5.93,5.26,5.68,5.35,0.33000000000000007,6.17,353164.53,197660.356
300350.SZ,2020-12-23,5.55,5.75,5.48,5.52,5.68,-0.16000000000000014,-2.82,239229.31,132928.833
300350.SZ,2020-12-24,5.54,5.55,5.21,5.23,5.52,-0.28999999999999915,-5.25,178947.57,94983.32
300350.SZ,2020-12-25,5.2,5.3,5.13,5.14,5.23,-0.09000000000000075,-1.72,114851.97,59590.337
300350.SZ,2020-12-28,5.08,5.14,5.01,5.02,5.14,-0.1200000000000001,-2.33,123330.2,62379.471
300350.SZ,2020-12-29,5.02,5.26,5.02,5.11,5.02,0.09000000000000075,1.79,124539.2,64253.01
300350.SZ,2020-12-30,5.14,5.18,5.02,5.03,5.11,-0.08000000000000007,-1.57,105849.0,53878.337
300350.SZ,2020-12-31,5.04,5.13,5.02,5.04,5.03,0.009999999999999787,0.2,95745.04,48447.838
300350.SZ,2021-01-04,5.08,5.29,5.03,5.23,5.04,0.1900000000000004,3.77,176230.8,91422.138
300350.SZ,2021-01-05,5.19,5.38,5.18,5.24,5.23,0.009999999999999787,0.19,194059.2,102578.146
300350.SZ,2021-01-06,5.18,5.22,5.01,5.03,5.24,-0.20999999999999996,-4.01,143195.07,72728.705
300350.SZ,2021-01-07,5.0,5.02,4.59,4.65,5.03,-0.3799999999999999,-7.55,212617.38,100890.789
300350.SZ,2021-01-08,4.56,4.7,4.42,4.58,4.65,-0.07000000000000028,-1.51,122348.6,56101.507
300350.SZ,2021-01-11,4.58,4.62,4.35,4.39,4.58,-0.1900000000000004,-4.15,132186.9,58769.056
300350.SZ,2021-01-12,4.34,4.54,4.22,4.29,4.39,-0.09999999999999964,-2.28,110238.86,47955.932
300350.SZ,2021-01-13,4.29,4.29,4.02,4.03,4.29,-0.2599999999999998,-6.06,134941.13,55465.435
300350.SZ,2021-01-14,4.08,4.15,3.96,4.01,4.03,-0.020000000000000462,-0.5,113306.2,45823.59
300350.SZ,2021-01-15,4.07,4.28,3.98,4.19,4.01,0.1800000000000006,4.49,144951.4,60199.507
300350.SZ,2021-01-18,4.16,4.63,4.16,4.47,4.19,0.27999999999999936,6.68,199680.6,87797.617
300350.SZ,2021-01-19,4.46,4.59,4.39,4.54,4.47,0.07000000000000028,1.57,169684.63,76548.939
300350.SZ,2021-01-20,4.5,4.72,4.48,4.58,4.54,0.040000000000000036,0.88,153932.63,70832.843
300350.SZ,2021-01-21,4.55,5.05,4.51,4.74,4.58,0.16000000000000014,3.49,232887.33,111569.104
300350.SZ,2021-01-22,4.7,4.93,4.67,4.75,4.74,0.009999999999999787,0.21,166789.6,80030.083
300350.SZ,2021-01-25,4.75,4.75,4.49,4.49,4.75,-0.2599999999999998,-5.47,148843.4,68212.064
300350.SZ,2021-01-26,4.52,4.72,4.46,4.51,4.49,0.019999999999999574,0.45,112660.2,51654.345
300350.SZ,2021-01-27,4.5,4.56,4.33,4.36,4.51,-0.14999999999999947,-3.33,98741.55,43614.971
300350.SZ,2021-01-28,4.35,4.52,4.22,4.28,4.36,-0.08000000000000007,-1.83,98406.03,42955.166
300350.SZ,2021-01-29,4.32,4.34,4.09,4.2,4.28,-0.08000000000000007,-1.87,92289.07,38702.511
300350.SZ,2021-02-01,4.23,4.44,4.17,4.42,4.2,0.21999999999999975,5.24,117732.84,51048.443
300350.SZ,2021-02-02,4.39,4.75,4.34,4.55,4.42,0.1299999999999999,2.94,212570.8,96089.412
300350.SZ,2021-02-03,4.5,4.5,4.23,4.26,4.55,-0.29000000000000004,-6.37,143563.4,61990.227
300350.SZ,2021-02-04,4.24,4.25,4.03,4.09,4.26,-0.16999999999999993,-3.99,97617.55,40071.771
300350.SZ,2021-02-05,4.08,4.22,4.0,4.04,4.09,-0.04999999999999982,-1.22,94740.2,38737.622
300350.SZ,2021-02-08,4.08,4.08,3.85,3.85,4.04,-0.18999999999999995,-4.7,98683.44,38708.742
300350.SZ,2021-02-09,3.88,3.99,3.85,3.93,3.85,0.08000000000000007,2.08,83331.8,32594.088
300350.SZ,2021-02-10,4.0,4.15,3.95,3.96,3.93,0.029999999999999805,0.76,81170.8,32613.626
300350.SZ,2021-02-18,3.99,4.25,3.99,4.21,3.96,0.25,6.31,141179.8,58884.742
300350.SZ,2021-02-19,4.22,4.43,4.2,4.41,4.21,0.20000000000000018,4.75,129888.4,56366.663
300350.SZ,2021-02-22,4.45,4.67,4.42,4.51,4.41,0.09999999999999964,2.27,159675.0,73001.101
300350.SZ,2021-02-23,4.44,4.65,4.44,4.54,4.51,0.03000000000000025,0.67,140661.6,64238.133
300350.SZ,2021-02-24,4.64,4.74,4.55,4.67,4.54,0.1299999999999999,2.86,153765.0,71580.513
300350.SZ,2021-02-25,4.72,4.75,4.5,4.51,4.67,-0.16000000000000014,-3.43,143283.34,65617.319
300350.SZ,2021-02-26,4.53,4.89,4.45,4.66,4.51,0.15000000000000036,3.33,218071.8,102143.893
300350.SZ,2021-03-01,4.69,4.78,4.6,4.72,4.66,0.05999999999999961,1.29,149417.87,70332.807
300350.SZ,2021-03-02,4.72,4.79,4.57,4.61,4.72,-0.10999999999999943,-2.33,100093.83,46240.591
300350.SZ,2021-03-03,4.56,4.65,4.52,4.61,4.61,0.0,0.0,81040.2,37130.027
300350.SZ,2021-03-04,4.6,4.69,4.57,4.62,4.61,0.009999999999999787,0.22,87372.01,40471.986
300350.SZ,2021-03-05,4.57,4.94,4.53,4.82,4.62,0.20000000000000018,4.33,208332.42,100005.134
300350.SZ,2021-03-08,5.1,5.3,4.78,4.79,4.82,-0.03000000000000025,-0.62,250306.13,124879.158
300350.SZ,2021-03-09,4.8,4.9,4.46,4.62,4.79,-0.16999999999999993,-3.55,159574.07,74278.837
300350.SZ,2021-03-10,4.66,4.73,4.36,4.37,4.62,-0.25,-5.41,116022.4,51904.836
300350.SZ,2021-03-11,4.4,4.62,4.35,4.56,4.37,0.1899999999999995,4.35,111637.29,50068.34
300350.SZ,2021-03-12,4.72,4.74,4.54,4.69,4.56,0.13000000000000078,2.85,137655.44,63959.193
300350.SZ,2021-03-15,4.7,4.75,4.55,4.62,4.69,-0.07000000000000028,-1.49,109062.24,50712.746
300350.SZ,2021-03-16,4.64,4.79,4.59,4.74,4.62,0.1200000000000001,2.6,110984.4,52274.267
300350.SZ,2021-03-17,4.72,4.93,4.67,4.85,4.74,0.10999999999999943,2.32,162950.24,78086.324
300350.SZ,2021-03-18,4.84,4.84,4.62,4.62,4.85,-0.22999999999999954,-4.74,151464.0,70916.288
300350.SZ,2021-03-19,4.59,4.68,4.54,4.57,4.62,-0.04999999999999982,-1.08,99008.3,45520.659
300350.SZ,2021-03-22,4.5,4.62,4.5,4.58,4.57,0.009999999999999787,0.22,78407.6,35857.917
300350.SZ,2021-03-23,4.59,4.6,4.37,4.41,4.58,-0.16999999999999993,-3.71,110423.74,49180.88
300350.SZ,2021-03-24,4.37,4.43,4.28,4.29,4.41,-0.1200000000000001,-2.72,82295.14,35802.437
300350.SZ,2021-03-25,4.26,4.35,4.25,4.27,4.29,-0.020000000000000462,-0.47,63023.5,27062.738
300350.SZ,2021-03-26,4.29,4.32,4.24,4.3,4.27,0.03000000000000025,0.7,60196.43,25778.67
300350.SZ,2021-03-29,4.31,4.38,4.29,4.33,4.3,0.03000000000000025,0.7,62771.0,27196.709
300350.SZ,2021-03-30,4.33,4.33,4.16,4.17,4.33,-0.16000000000000014,-3.7,73012.0,30724.635
300350.SZ,2021-03-31,4.15,4.23,4.15,4.2,4.17,0.03000000000000025,0.72,46966.6,19700.243
300350.SZ,2021-04-01,4.19,4.21,4.11,4.14,4.2,-0.0600000000000005,-1.43,52808.6,21939.127
300350.SZ,2021-04-02,4.15,4.18,4.11,4.16,4.14,0.020000000000000462,0.48,51754.8,21487.672
300350.SZ,2021-04-06,4.17,4.3,4.15,4.27,4.16,0.10999999999999943,2.64,69553.5,29538.461
300350.SZ,2021-04-07,4.28,4.33,4.25,4.32,4.27,0.05000000000000071,1.17,56456.4,24218.773
300350.SZ,2021-04-08,4.29,4.29,4.19,4.19,4.32,-0.1299999999999999,-3.01,67873.6,28766.942
300350.SZ,2021-04-09,4.2,4.3,4.16,4.24,4.19,0.04999999999999982,1.19,55281.66,23293.461
300350.SZ,2021-04-12,4.22,4.22,4.07,4.11,4.24,-0.1299999999999999,-3.07,63948.8,26431.811
300350.SZ,2021-04-13,4.1,4.11,4.01,4.02,4.11,-0.09000000000000075,-2.19,69105.6,27982.689
300350.SZ,2021-04-14,4.04,4.22,4.0,4.19,4.02,0.17000000000000082,4.23,89543.3,37063.309
300350.SZ,2021-04-15,4.16,4.28,4.15,4.19,4.19,0.0,0.0,80858.22,34151.767
300350.SZ,2021-04-16,4.19,4.42,4.18,4.34,4.19,0.14999999999999947,3.58,105458.89,45572.971
300350.SZ,2021-04-19,4.37,4.72,4.34,4.66,4.34,0.3200000000000003,7.37,268324.04,123578.451
300350.SZ,2021-04-20,4.61,5.1,4.6,4.99,4.66,0.33000000000000007,7.08,358325.87,176896.409
300350.SZ,2021-04-21,4.91,5.17,4.91,5.13,4.99,0.13999999999999968,2.81,315016.6,160248.493
300350.SZ,2021-04-22,5.13,5.58,5.02,5.47,5.13,0.33999999999999986,6.63,350189.5,189167.535
300350.SZ,2021-04-23,5.44,5.54,5.27,5.47,5.47,0.0,0.0,248386.4,134061.444
300350.SZ,2021-04-26,5.45,6.35,5.45,6.12,5.47,0.6500000000000004,11.88,466532.33,279956.038
300350.SZ,2021-04-27,6.04,6.17,5.72,5.85,6.12,-0.27000000000000046,-4.41,254001.74,149711.321
300350.SZ,2021-04-28,6.02,7.02,6.02,7.02,5.85,1.17,20.0,502330.99,337443.007
300350.SZ,2021-04-29,7.31,7.54,6.9,7.37,7.02,0.35000000000000053,4.99,589159.39,425599.232
300350.SZ,2021-04-30,7.07,7.4,6.69,6.9,7.37,-0.46999999999999975,-6.38,394224.28,277901.21
300350.SZ,2021-05-06,6.9,7.02,6.64,6.94,6.9,0.040000000000000036,0.58,286837.4,195437.644
300350.SZ,2021-05-07,6.97,8.15,6.97,7.34,6.94,0.39999999999999947,5.76,528114.25,395769.749
300350.SZ,2021-05-10,7.02,7.27,6.83,7.06,7.34,-0.28000000000000025,-3.81,348675.7,245751.981
300350.SZ,2021-05-11,7.0,7.46,6.96,7.37,7.06,0.3100000000000005,4.39,315609.68,226780.462
300350.SZ,2021-05-12,7.42,8.07,7.23,7.69,7.37,0.3200000000000003,4.34,433691.62,332233.449
300350.SZ,2021-05-13,7.57,8.1,7.51,7.83,7.69,0.13999999999999968,1.82,410181.78,325896.934
300350.SZ,2021-05-14,7.77,7.96,7.57,7.63,7.83,-0.20000000000000018,-2.55,310405.94,239846.876
300350.SZ,2021-05-17,7.59,7.67,7.1,7.2,7.63,-0.4299999999999997,-5.64,312054.09,229957.37
300350.SZ,2021-05-18,7.25,7.77,7.12,7.69,7.2,0.4900000000000002,6.81,254469.43,190672.373
300350.SZ,2021-05-19,7.7,7.75,7.42,7.67,7.69,-0.020000000000000462,-0.26,166005.04,125705.881
300350.SZ,2021-05-20,7.69,7.72,7.32,7.35,7.67,-0.3200000000000003,-4.17,150961.2,111983.968
300350.SZ,2021-05-21,7.52,7.68,7.3,7.41,7.35,0.0600000000000005,0.82,127632.82,95316.751
300350.SZ,2021-05-24,7.48,7.69,7.38,7.44,7.41,0.03000000000000025,0.4,136744.8,102773.617
300350.SZ,2021-05-25,7.57,7.58,7.32,7.47,7.44,0.02999999999999936,0.4,100502.4,74472.498
300350.SZ,2021-05-26,7.38,7.95,7.38,7.72,7.47,0.25,3.35,187504.37,144682.39
300350.SZ,2021-05-27,7.62,8.81,7.62,8.37,7.72,0.6499999999999995,8.42,380501.65,310763.572
300350.SZ,2021-05-28,8.37,8.88,8.01,8.12,8.37,-0.25,-2.99,299970.0,249391.798
300350.SZ,2021-05-31,8.1,8.45,7.62,8.0,8.12,-0.11999999999999922,-1.48,265308.2,211764.721
300350.SZ,2021-06-01,8.1,8.17,7.87,7.94,8.0,-0.05999999999999961,-0.75,138127.6,110343.804
300350.SZ,2021-06-02,7.85,7.99,7.64,7.73,7.94,-0.20999999999999996,-2.64,155375.4,120614.632
300350.SZ,2021-06-03,7.75,8.3,7.73,8.15,7.73,0.41999999999999993,5.43,209250.6,168769.35
300350.SZ,2021-06-04,8.18,8.32,7.9,7.9,8.15,-0.25,-3.07,130181.8,104647.65
300350.SZ,2021-06-07,7.77,7.97,7.7,7.94,7.9,0.040000000000000036,0.51,85418.8,67067.815
300350.SZ,2021-06-08,8.07,8.07,7.72,7.73,7.94,-0.20999999999999996,-2.64,110700.0,86142.579
300350.SZ,2021-06-09,7.4,7.79,7.0,7.63,7.73,-0.10000000000000053,-1.29,150462.21,111747.403
300350.SZ,2021-06-10,7.7,7.7,7.3,7.31,7.63,-0.3200000000000003,-4.19,156786.8,116800.545
300350.SZ,2021-06-11,7.32,7.63,7.32,7.48,7.31,0.17000000000000082,2.33,107322.2,80580.694
300350.SZ,2021-06-15,7.55,8.6,7.55,8.44,7.48,0.9599999999999991,12.83,351370.62,290761.468
300350.SZ,2021-06-16,8.43,9.1,8.31,8.48,8.44,0.040000000000000924,0.47,369070.76,321325.518
300350.SZ,2021-06-17,8.68,8.97,8.53,8.74,8.48,0.2599999999999998,3.07,237867.4,207581.428
300350.SZ,2021-06-18,8.5,9.56,8.5,9.24,8.74,0.5,5.72,401570.37,368389.278
300350.SZ,2021-06-21,9.25,9.35,8.85,9.04,9.24,-0.20000000000000107,-2.16,263652.29,238669.517
300350.SZ,2021-06-22,9.12,9.22,8.95,9.02,9.04,-0.019999999999999574,-0.22,165306.64,149697.718
300350.SZ,2021-06-23,9.17,9.34,8.96,9.07,9.02,0.05000000000000071,0.55,194617.48,177550.069
300350.SZ,2021-06-24,9.04,9.22,8.96,9.01,9.07,-0.0600000000000005,-0.66,129739.4,117466.712
300350.SZ,2021-06-25,9.05,10.81,9.05,10.81,9.01,1.8000000000000007,19.98,427136.13,432601.915
300350.SZ,2021-06-28,10.96,12.97,10.96,12.77,10.81,1.959999999999999,18.13,550970.64,666231.211
300350.SZ,2021-06-29,12.16,13.1,11.88,12.59,12.77,-0.17999999999999972,-1.41,433917.34,536759.494
300350.SZ,2021-06-30,12.67,14.36,12.67,14.01,12.59,1.42,11.28,418954.41,570069.231
300350.SZ,2021-07-01,13.62,13.88,12.17,12.38,14.01,-1.629999999999999,-11.63,437325.03,574259.615
300350.SZ,2021-07-02,12.26,14.34,12.26,13.56,12.38,1.1799999999999997,9.53,467488.37,631635.633
300350.SZ,2021-07-05,13.84,14.17,13.19,13.79,13.56,0.22999999999999865,1.7,319910.58,437613.078
300350.SZ,2021-07-06,13.81,14.03,12.57,13.18,13.79,-0.6099999999999994,-4.42,300917.0,400075.113
300350.SZ,2021-07-07,13.18,13.35,12.71,13.2,13.18,0.019999999999999574,0.15,203048.5,264324.512
300350.SZ,2021-07-08,13.2,14.19,12.28,12.35,13.2,-0.8499999999999996,-6.44,420903.48,540862.101
300350.SZ,2021-07-09,12.12,12.95,12.11,12.44,12.35,0.08999999999999986,0.73,286252.95,359644.474
300350.SZ,2021-07-12,12.87,13.89,12.72,13.02,12.44,0.5800000000000001,4.66,329672.66,434270.518
300350.SZ,2021-07-13,13.25,13.62,12.8,13.39,13.02,0.370000000000001,2.84,332798.87,441685.749
300350.SZ,2021-07-14,14.0,16.07,13.76,16.07,13.39,2.6799999999999997,20.01,630784.71,965213.508
300350.SZ,2021-07-15,16.09,16.09,14.39,15.05,16.07,-1.0199999999999996,-6.35,514766.51,769591.157
300350.SZ,2021-07-16,15.05,15.19,14.2,14.31,15.05,-0.7400000000000002,-4.92,317279.4,462591.306
300350.SZ,2021-07-19,14.1,14.78,14.0,14.42,14.31,0.10999999999999943,0.77,220417.46,317889.229
300350.SZ,2021-07-20,14.33,14.85,13.83,14.09,14.42,-0.33000000000000007,-2.29,265801.6,377969.051
300350.SZ,2021-07-21,13.99,14.69,13.9,14.47,14.09,0.3800000000000008,2.7,211945.67,305561.258
300350.SZ,2021-07-22,14.59,14.81,13.5,14.2,14.47,-0.27000000000000135,-1.87,267270.3,373941.292
300350.SZ,2021-07-23,14.19,14.46,13.2,13.34,14.2,-0.8599999999999994,-6.06,277133.4,384189.309
300350.SZ,2021-07-26,13.36,14.09,12.43,13.02,13.34,-0.3200000000000003,-2.4,391341.0,513262.454
300350.SZ,2021-07-27,13.59,13.82,10.42,10.42,13.02,-2.5999999999999996,-19.97,671625.98,758069.397
300350.SZ,2021-07-28,9.79,9.79,8.88,9.33,10.42,-1.0899999999999999,-10.46,418003.43,389884.118
300350.SZ,2021-07-29,9.4,9.6,9.1,9.26,9.33,-0.07000000000000028,-0.75,330460.44,308425.255
300350.SZ,2021-07-30,9.21,9.36,8.83,9.33,9.26,0.07000000000000028,0.76,306230.01,279071.309
300350.SZ,2021-08-02,9.27,9.37,8.95,9.33,9.33,0.0,0.0,246126.12,226273.15
300350.SZ,2021-08-03,9.34,9.56,9.06,9.13,9.33,-0.1999999999999993,-2.14,224588.5,208205.972
300350.SZ,2021-08-04,9.08,9.15,8.51,8.8,9.13,-0.33000000000000007,-3.61,483536.71,429396.163
300350.SZ,2021-08-05,9.0,9.04,8.24,8.33,8.8,-0.47000000000000064,-5.34,406623.05,343762.549
300350.SZ,2021-08-06,8.43,8.47,7.98,8.1,8.33,-0.23000000000000043,-2.76,284133.29,230792.747
300350.SZ,2021-08-09,8.25,9.72,8.02,9.72,8.1,1.620000000000001,20.0,668684.17,601683.224
300350.SZ,2021-08-10,9.88,9.89,9.23,9.41,9.72,-0.3100000000000005,-3.19,646256.73,614367.196
300350.SZ,2021-08-11,9.2,9.44,9.02,9.15,9.41,-0.2599999999999998,-2.76,358748.52,329082.304
300350.SZ,2021-08-12,9.1,9.96,8.95,9.46,9.15,0.3100000000000005,3.39,467974.02,442734.181
300350.SZ,2021-08-13,9.47,9.47,9.0,9.07,9.46,-0.39000000000000057,-4.12,316372.65,288814.265
300350.SZ,2021-08-16,9.13,9.15,8.8,8.86,9.07,-0.21000000000000085,-2.32,204775.15,182560.707
300350.SZ,2021-08-17,8.86,8.95,8.45,8.48,8.86,-0.379999999999999,-4.29,239827.33,207636.21
300350.SZ,2021-08-18,8.58,9.27,8.52,8.98,8.48,0.5,5.9,353809.92,316750.423
300350.SZ,2021-08-19,9.09,9.15,8.65,8.75,8.98,-0.23000000000000043,-2.56,238167.07,209767.455
300350.SZ,2021-08-20,8.83,8.84,8.4,8.57,8.75,-0.17999999999999972,-2.06,192858.2,164393.798
300350.SZ,2021-08-23,8.49,8.78,8.49,8.65,8.57,0.08000000000000007,0.93,182405.44,157774.12
300350.SZ,2021-08-24,8.66,8.78,8.41,8.59,8.65,-0.0600000000000005,-0.69,160696.79,138250.59
300350.SZ,2021-08-25,8.65,8.67,8.41,8.57,8.59,-0.019999999999999574,-0.23,147572.3,125965.939
300350.SZ,2021-08-26,8.59,8.62,8.24,8.27,8.57,-0.3000000000000007,-3.5,169386.8,142382.727
300350.SZ,2021-08-27,8.29,9.0,8.21,8.77,8.27,0.5,6.05,347553.49,303923.764
300350.SZ,2021-08-30,8.5,8.77,8.23,8.71,8.77,-0.05999999999999872,-0.68,302959.92,257257.653
300350.SZ,2021-08-31,8.6,9.29,8.51,9.1,8.71,0.3899999999999988,4.48,348694.35,315182.84
300350.SZ,2021-09-01,9.2,10.92,8.92,10.92,9.1,1.8200000000000003,20.0,828022.58,862118.036
300350.SZ,2021-09-02,10.8,10.82,10.02,10.26,10.92,-0.6600000000000001,-6.04,673155.26,695677.643
300350.SZ,2021-09-03,10.19,10.93,10.01,10.28,10.26,0.019999999999999574,0.19,526995.91,553980.073
300350.SZ,2021-09-06,10.33,11.69,10.33,11.2,10.28,0.9199999999999999,8.95,652425.31,725579.531
300350.SZ,2021-09-07,10.98,11.8,10.74,11.38,11.2,0.1800000000000015,1.61,543646.48,608719.731
300350.SZ,2021-09-08,11.08,11.14,10.52,10.58,11.38,-0.8000000000000007,-7.03,467518.33,502123.5
300350.SZ,2021-09-09,10.57,10.85,10.2,10.33,10.58,-0.25,-2.36,337445.8,351363.22
300350.SZ,2021-09-10,10.27,10.29,9.7,10.0,10.33,-0.33000000000000007,-3.19,315932.73,314886.191
300350.SZ,2021-09-13,9.95,10.19,9.83,10.13,10.0,0.13000000000000078,1.3,223681.44,224437.828
300350.SZ,2021-09-14,10.15,10.38,9.83,9.92,10.13,-0.21000000000000085,-2.07,258781.6,260580.206
300350.SZ,2021-09-15,9.93,10.1,9.81,10.04,9.92,0.11999999999999922,1.21,175157.5,174771.811
300350.SZ,2021-09-16,10.05,11.0,10.0,10.49,10.04,0.45000000000000107,4.48,421997.13,448880.169
300350.SZ,2021-09-17,10.2,10.4,9.9,10.08,10.49,-0.41000000000000014,-3.91,259532.94,261213.149
300350.SZ,2021-09-22,9.8,9.81,9.2,9.41,10.08,-0.6699999999999999,-6.65,217392.87,205773.788
300350.SZ,2021-09-23,9.41,9.77,9.41,9.47,9.41,0.0600000000000005,0.64,147810.5,141290.311
300350.SZ,2021-09-24,9.4,9.45,8.94,9.06,9.47,-0.41000000000000014,-4.33,199292.51,181219.222
300350.SZ,2021-09-27,9.13,9.18,8.53,8.85,9.06,-0.21000000000000085,-2.32,165400.0,145457.665
300350.SZ,2021-09-28,8.91,9.12,8.72,9.06,8.85,0.21000000000000085,2.37,114033.2,102140.503
300350.SZ,2021-09-29,8.92,9.45,8.9,9.0,9.06,-0.0600000000000005,-0.66,163045.15,150422.902
300350.SZ,2021-09-30,8.95,9.29,8.95,9.22,9.0,0.22000000000000064,2.44,116283.95,105961.942
300350.SZ,2021-10-08,9.45,10.07,9.23,9.69,9.22,0.46999999999999886,5.1,190182.68,182472.104
300350.SZ,2021-10-11,9.6,10.34,9.41,10.0,9.69,0.3100000000000005,3.2,225851.56,225281.129
300350.SZ,2021-10-12,10.0,10.19,9.66,10.13,10.0,0.13000000000000078,1.3,240203.09,239680.168
300350.SZ,2021-10-13,10.08,10.2,9.86,10.02,10.13,-0.11000000000000121,-1.09,167608.44,167813.104
300350.SZ,2021-10-14,9.92,10.88,9.92,10.08,10.02,0.0600000000000005,0.6,276370.65,285133.864
300350.SZ,2021-10-15,10.58,11.08,10.14,10.23,10.08,0.15000000000000036,1.49,329670.04,345423.851
300350.SZ,2021-10-18,9.74,9.74,9.09,9.33,10.23,-0.9000000000000004,-8.8,260889.39,245075.298
300350.SZ,2021-10-19,9.4,9.89,9.19,9.89,9.33,0.5600000000000005,6.0,243974.24,233299.813
300350.SZ,2021-10-20,9.86,9.86,9.56,9.61,9.89,-0.28000000000000114,-2.83,160346.57,154740.685
300350.SZ,2021-10-21,9.69,10.07,9.6,9.62,9.61,0.009999999999999787,0.1,177598.84,173922.99
300350.SZ,2021-10-22,9.56,9.96,9.4,9.79,9.62,0.16999999999999993,1.77,196741.0,189760.467
300350.SZ,2021-10-25,9.69,9.77,9.5,9.64,9.79,-0.14999999999999858,-1.53,114978.02,110469.061
300350.SZ,2021-10-26,9.61,9.65,9.31,9.35,9.64,-0.2900000000000009,-3.01,149954.06,141138.195
300350.SZ,2021-10-27,9.29,9.35,8.82,8.96,9.35,-0.3899999999999988,-4.17,124875.5,112653.312
300350.SZ,2021-10-28,8.0,8.54,7.97,8.34,8.96,-0.620000000000001,-6.92,189754.88,157861.463
300350.SZ,2021-10-29,8.22,8.81,8.21,8.67,8.34,0.33000000000000007,3.96,125134.68,107850.689
300350.SZ,2021-11-01,8.64,9.07,8.56,9.02,8.67,0.34999999999999964,4.04,125145.04,111147.038
300350.SZ,2021-11-02,9.03,9.06,8.53,8.59,9.02,-0.4299999999999997,-4.77,144145.16,126123.426
300350.SZ,2021-11-03,8.55,8.68,8.38,8.48,8.59,-0.10999999999999943,-1.28,107164.44,91321.797
300350.SZ,2021-11-04,8.58,8.6,8.37,8.5,8.48,0.019999999999999574,0.24,91688.0,77569.035
300350.SZ,2021-11-05,8.53,8.59,8.4,8.51,8.5,0.009999999999999787,0.12,102690.64,87341.491
300350.SZ,2021-11-08,8.44,8.48,8.13,8.39,8.51,-0.11999999999999922,-1.41,91831.72,76733.768
300350.SZ,2021-11-09,8.47,8.62,8.37,8.58,8.39,0.1899999999999995,2.26,96372.8,82043.905
300350.SZ,2021-11-10,8.59,8.78,8.18,8.29,8.58,-0.2900000000000009,-3.38,170089.4,141750.411
300350.SZ,2021-11-11,8.26,8.35,8.11,8.13,8.29,-0.15999999999999837,-1.93,168433.44,137974.855
300350.SZ,2021-11-12,8.16,8.22,8.03,8.18,8.13,0.049999999999998934,0.62,138235.96,112225.241
300350.SZ,2021-11-15,8.12,8.5,8.12,8.43,8.18,0.25,3.06,161665.52,135087.862
300350.SZ,2021-11-16,8.37,8.53,8.15,8.19,8.43,-0.2400000000000002,-2.85,137284.4,113875.585
300350.SZ,2021-11-17,8.2,8.45,8.13,8.39,8.19,0.20000000000000107,2.44,112072.2,93164.369
300350.SZ,2021-11-18,8.54,8.54,8.29,8.39,8.39,0.0,0.0,110399.42,92531.307
300350.SZ,2021-11-19,8.35,9.09,8.32,8.83,8.39,0.4399999999999995,5.24,278738.06,244938.808
300350.SZ,2021-11-22,8.67,8.93,8.59,8.8,8.83,-0.02999999999999936,-0.34,172096.8,151226.819
300350.SZ,2021-11-23,8.69,8.83,8.46,8.55,8.8,-0.25,-2.84,158554.52,135677.282
300350.SZ,2021-11-24,8.51,8.8,8.51,8.7,8.55,0.14999999999999858,1.75,147358.87,128124.007
300350.SZ,2021-11-25,8.68,8.9,8.54,8.81,8.7,0.11000000000000121,1.26,171522.02,150196.112
300350.SZ,2021-11-26,8.71,8.79,8.37,8.49,8.81,-0.3200000000000003,-3.63,166192.64,141738.071
300350.SZ,2021-11-29,8.27,8.45,8.18,8.38,8.49,-0.10999999999999943,-1.3,101426.0,84551.325
300350.SZ,2021-11-30,8.41,8.93,8.41,8.64,8.38,0.2599999999999998,3.1,192288.15,167298.13
300350.SZ,2021-12-01,8.85,9.07,8.69,8.81,8.64,0.16999999999999993,1.97,326740.42,290704.764
300350.SZ,2021-12-02,8.85,9.06,8.53,8.6,8.81,-0.21000000000000085,-2.38,273687.35,239928.617
300350.SZ,2021-12-03,8.56,8.78,8.5,8.51,8.6,-0.08999999999999986,-1.05,152748.0,131335.236
300350.SZ,2021-12-06,8.52,8.57,8.33,8.38,8.51,-0.129999999999999,-1.53,114588.26,96428.631
300350.SZ,2021-12-07,8.47,8.48,8.22,8.3,8.38,-0.08000000000000007,-0.95,105435.75,87501.764
300350.SZ,2021-12-08,8.35,8.47,8.27,8.4,8.3,0.09999999999999964,1.2,79862.35,66773.997
300350.SZ,2021-12-09,8.47,8.48,8.36,8.37,8.4,-0.030000000000001137,-0.36,73238.22,61556.634
300350.SZ,2021-12-10,8.36,8.72,8.29,8.72,8.37,0.3500000000000014,4.18,195205.37,168206.496
300350.SZ,2021-12-13,8.88,8.96,8.6,8.75,8.72,0.02999999999999936,0.34,222496.16,195036.735
300350.SZ,2021-12-14,8.7,8.91,8.62,8.79,8.75,0.03999999999999915,0.46,242803.6,213476.696
300350.SZ,2021-12-15,8.78,8.85,8.48,8.53,8.79,-0.2599999999999998,-2.96,194635.0,167449.627
300350.SZ,2021-12-16,8.56,8.56,8.41,8.47,8.53,-0.05999999999999872,-0.7,112526.92,95105.055
300350.SZ,2021-12-17,8.39,8.41,8.26,8.28,8.47,-0.19000000000000128,-2.24,143454.94,119204.826
300350.SZ,2021-12-20,8.28,8.42,8.09,8.11,8.28,-0.16999999999999993,-2.05,138976.8,114365.041
300350.SZ,2021-12-21,8.1,8.16,7.78,8.05,8.11,-0.05999999999999872,-0.74,224992.91,178995.118
300350.SZ,2021-12-22,8.03,8.09,7.88,7.91,8.05,-0.14000000000000057,-1.74,143123.56,113982.048
300350.SZ,2021-12-23,7.9,7.9,7.6,7.64,7.91,-0.27000000000000046,-3.41,203459.14,156222.693
300350.SZ,2021-12-24,7.61,7.83,7.59,7.64,7.64,0.0,0.0,169000.26,130077.142
300350.SZ,2021-12-27,7.61,7.61,7.25,7.3,7.64,-0.33999999999999986,-4.45,188439.8,137961.91
300350.SZ,2021-12-28,7.3,7.49,7.25,7.48,7.3,0.1800000000000006,2.47,114801.99,84815.433
300350.SZ,2021-12-29,7.44,7.7,7.33,7.6,7.48,0.11999999999999922,1.6,167412.68,126585.048
300350.SZ,2021-12-30,7.57,7.63,7.52,7.54,7.6,-0.05999999999999961,-0.79,115330.4,87234.892
300350.SZ,2021-12-31,7.54,7.62,7.45,7.56,7.54,0.019999999999999574,0.27,106409.04,80290.048
300350.SZ,2022-01-04,7.56,7.86,7.54,7.83,7.56,0.27000000000000046,3.57,180787.52,140055.456
300350.SZ,2022-01-05,7.85,7.94,7.68,7.91,7.83,0.08000000000000007,1.02,154296.13,120648.099
300350.SZ,2022-01-06,7.92,7.94,7.77,7.83,7.91,-0.08000000000000007,-1.01,101598.65,79668.752
300350.SZ,2022-01-07,7.84,7.88,7.58,7.61,7.83,-0.21999999999999975,-2.81,119129.58,91885.062
300350.SZ,2022-01-10,7.61,7.76,7.51,7.67,7.61,0.05999999999999961,0.79,91149.22,69933.415
300350.SZ,2022-01-11,7.69,8.03,7.68,7.74,7.67,0.07000000000000028,0.91,165623.4,129921.993
300350.SZ,2022-01-12,7.49,7.72,7.44,7.61,7.74,-0.1299999999999999,-1.68,142457.33,108098.36
300350.SZ,2022-01-13,7.61,7.67,7.42,7.43,7.61,-0.1800000000000006,-2.37,106024.0,79814.036
300350.SZ,2022-01-14,7.43,7.49,7.3,7.31,7.43,-0.1200000000000001,-1.62,94267.2,69523.657
300350.SZ,2022-01-17,7.29,7.58,7.2,7.55,7.31,0.2400000000000002,3.28,168352.9,124284.203
300350.SZ,2022-01-18,7.5,7.55,7.03,7.1,7.55,-0.4500000000000002,-5.96,260412.9,188292.947
300350.SZ,2022-01-19,7.08,7.33,7.05,7.18,7.1,0.08000000000000007,1.13,148969.37,107124.759
300350.SZ,2022-01-20,7.18,7.18,6.78,6.83,7.18,-0.34999999999999964,-4.87,194489.2,134715.412
300350.SZ,2022-01-21,6.82,6.92,6.7,6.73,6.83,-0.09999999999999964,-1.46,119214.8,80714.197
300350.SZ,2022-01-24,6.72,6.83,6.6,6.8,6.73,0.0699999999999994,1.04,90906.6,61314.409
300350.SZ,2022-01-25,6.74,6.84,6.4,6.41,6.8,-0.3899999999999997,-5.74,156189.8,102123.2
300350.SZ,2022-01-26,6.41,6.54,6.38,6.48,6.41,0.07000000000000028,1.09,82716.05,53449.76
300350.SZ,2022-01-27,6.39,6.55,6.29,6.29,6.48,-0.1900000000000004,-2.93,110503.8,71188.784
300350.SZ,2022-01-28,6.31,6.83,6.31,6.73,6.29,0.4400000000000004,7.0,168759.4,111793.323
300350.SZ,2022-02-07,6.85,6.95,6.7,6.73,6.73,0.0,0.0,100604.6,68123.491
300350.SZ,2022-02-08,6.71,6.97,6.71,6.91,6.73,0.17999999999999972,2.67,108180.2,74415.509
300350.SZ,2022-02-09,6.98,7.01,6.91,6.95,6.91,0.040000000000000036,0.58,87203.6,60591.221
300350.SZ,2022-02-10,6.91,6.93,6.81,6.87,6.95,-0.08000000000000007,-1.15,68718.8,47167.333
300350.SZ,2022-02-11,6.78,6.85,6.62,6.65,6.87,-0.21999999999999975,-3.2,81146.8,54459.461
300350.SZ,2022-02-14,6.67,6.73,6.54,6.61,6.65,-0.040000000000000036,-0.6,66108.2,43785.034
300350.SZ,2022-02-15,6.69,6.69,6.49,6.55,6.61,-0.0600000000000005,-0.91,67321.0,44160.449
300350.SZ,2022-02-16,6.59,6.81,6.57,6.77,6.55,0.21999999999999975,3.36,95649.98,64333.452
300350.SZ,2022-02-17,6.71,6.82,6.65,6.68,6.77,-0.08999999999999986,-1.33,74333.1,50001.236
300350.SZ,2022-02-18,6.63,6.75,6.6,6.75,6.68,0.07000000000000028,1.05,47074.0,31510.39
300350.SZ,2022-02-21,6.72,7.0,6.72,7.0,6.75,0.25,3.7,149653.8,103755.453
300350.SZ,2022-02-22,6.93,6.98,6.83,6.9,7.0,-0.09999999999999964,-1.43,99621.8,68703.132
300350.SZ,2022-02-23,7.39,8.06,7.33,7.43,6.9,0.5299999999999994,7.68,641081.94,489425.752
300350.SZ,2022-02-24,7.36,7.53,7.01,7.3,7.43,-0.1299999999999999,-1.75,445585.2,323769.997
300350.SZ,2022-02-25,7.3,7.78,7.27,7.43,7.3,0.1299999999999999,1.78,389826.88,293483.293
300350.SZ,2022-02-28,7.28,7.51,7.12,7.24,7.43,-0.1899999999999995,-2.56,237868.74,172090.917
300350.SZ,2022-03-01,7.27,7.28,7.1,7.16,7.24,-0.08000000000000007,-1.1,145045.2,103864.842
300350.SZ,2022-03-02,7.1,7.23,7.05,7.19,7.16,0.03000000000000025,0.42,121028.08,86744.579
300350.SZ,2022-03-03,7.27,7.8,7.18,7.61,7.19,0.41999999999999993,5.84,362416.67,271605.584
300350.SZ,2022-03-04,7.46,7.67,7.42,7.48,7.61,-0.1299999999999999,-1.71,238027.53,179571.669
300350.SZ,2022-03-07,7.35,7.41,7.15,7.19,7.48,-0.29000000000000004,-3.88,161464.25,117492.849
300350.SZ,2022-03-08,7.08,7.2,6.72,6.82,7.19,-0.3700000000000001,-5.15,181543.6,125673.677
300350.SZ,2022-03-09,6.86,6.95,6.4,6.78,6.82,-0.040000000000000036,-0.59,153900.08,103192.592
300350.SZ,2022-03-10,7.0,7.04,6.75,6.77,6.78,-0.010000000000000675,-0.15,125791.5,86175.387
300350.SZ,2022-03-11,6.75,6.9,6.54,6.89,6.77,0.1200000000000001,1.77,125262.89,84223.638
300350.SZ,2022-03-14,6.81,6.88,6.63,6.64,6.89,-0.25,-3.63,89941.69,60778.54
300350.SZ,2022-03-15,6.64,6.68,6.16,6.16,6.64,-0.47999999999999954,-7.23,149544.52,95580.912
300350.SZ,2022-03-16,6.23,6.45,6.14,6.42,6.16,0.2599999999999998,4.22,139267.21,87818.14
300350.SZ,2022-03-17,6.5,6.75,6.45,6.55,6.42,0.1299999999999999,2.02,147515.21,97672.273
300350.SZ,2022-03-18,6.52,6.68,6.52,6.65,6.55,0.10000000000000053,1.53,86910.8,57627.07
300350.SZ,2022-03-21,6.64,6.7,6.51,6.64,6.65,-0.010000000000000675,-0.15,98885.8,65473.971
300350.SZ,2022-03-22,6.62,6.66,6.52,6.59,6.64,-0.04999999999999982,-0.75,79659.26,52378.525
300350.SZ,2022-03-23,6.58,6.61,6.49,6.54,6.59,-0.04999999999999982,-0.76,76145.61,49834.826
300350.SZ,2022-03-24,6.54,6.54,6.34,6.47,6.54,-0.07000000000000028,-1.07,90501.8,58022.562
300350.SZ,2022-03-25,6.43,6.52,6.36,6.37,6.47,-0.09999999999999964,-1.55,63336.0,40777.265
300350.SZ,2022-03-28,6.39,6.39,6.23,6.28,6.37,-0.08999999999999986,-1.41,81684.61,51405.188
300350.SZ,2022-03-29,6.31,6.35,6.13,6.15,6.28,-0.1299999999999999,-2.07,77564.0,48092.014
300350.SZ,2022-03-30,6.18,6.27,6.11,6.25,6.15,0.09999999999999964,1.63,58832.0,36548.774
300350.SZ,2022-03-31,6.18,6.31,6.16,6.2,6.25,-0.04999999999999982,-0.8,63126.0,39352.934
300350.SZ,2022-04-01,6.19,6.53,6.07,6.43,6.2,0.22999999999999954,3.71,180598.4,114210.53
300350.SZ,2022-04-06,6.31,6.63,6.27,6.54,6.43,0.11000000000000032,1.71,132625.0,86041.414
300350.SZ,2022-04-07,6.52,6.53,6.31,6.33,6.54,-0.20999999999999996,-3.21,80530.0,51472.959
300350.SZ,2022-04-08,6.29,6.35,6.15,6.2,6.33,-0.1299999999999999,-2.05,62798.6,39007.892
300350.SZ,2022-04-11,7.31,7.44,6.94,6.96,6.2,0.7599999999999998,12.26,663708.45,478485.182
300350.SZ,2022-04-12,6.51,6.96,6.3,6.8,6.96,-0.16000000000000014,-2.3,489437.11,323318.838
300350.SZ,2022-04-13,7.02,7.96,7.02,7.86,6.8,1.0600000000000005,15.59,1073363.52,825185.386
300350.SZ,2022-04-14,7.32,7.81,7.32,7.4,7.86,-0.45999999999999996,-5.85,711604.06,531315.172
300350.SZ,2022-04-15,7.09,7.15,6.7,6.84,7.4,-0.5600000000000005,-7.57,547384.14,377842.338
300350.SZ,2022-04-18,6.79,7.39,6.78,7.2,6.84,0.3600000000000003,5.26,437575.11,309811.18
300350.SZ,2022-04-19,7.07,7.21,6.93,7.05,7.2,-0.15000000000000036,-2.08,332201.49,234676.494
300350.SZ,2022-04-20,6.92,7.81,6.9,7.44,7.05,0.39000000000000057,5.53,641213.13,471585.7
300350.SZ,2022-04-21,7.31,7.77,7.21,7.37,7.44,-0.07000000000000028,-0.94,607958.24,455432.645
300350.SZ,2022-04-22,7.15,7.42,6.81,7.0,7.37,-0.3700000000000001,-5.02,466282.1,330397.859
300350.SZ,2022-04-25,6.88,7.22,6.32,6.38,7.0,-0.6200000000000001,-8.86,427040.71,292617.455
300350.SZ,2022-04-26,6.26,6.88,6.26,6.51,6.38,0.1299999999999999,2.04,393046.73,259144.561
300350.SZ,2022-04-27,6.36,6.47,5.26,6.18,6.51,-0.33000000000000007,-5.07,412378.98,246228.606
300350.SZ,2022-04-28,6.11,6.51,5.57,5.59,6.18,-0.5899999999999999,-9.55,433239.66,259534.008
300350.SZ,2022-04-29,5.5,5.93,5.48,5.83,5.59,0.2400000000000002,4.29,345484.92,198381.412
300350.SZ,2022-05-05,5.84,6.09,5.61,5.99,5.83,0.16000000000000014,2.74,268632.2,158912.06
300350.SZ,2022-05-06,5.86,5.97,5.67,5.81,5.99,-0.1800000000000006,-3.01,256106.06,149262.102
300350.SZ,2022-05-09,5.79,5.92,5.76,5.83,5.81,0.020000000000000462,0.34,174286.88,101957.294
300350.SZ,2022-05-10,5.73,5.92,5.65,5.88,5.83,0.04999999999999982,0.86,186511.88,108385.753
300350.SZ,2022-05-11,6.0,6.04,5.76,5.8,5.88,-0.08000000000000007,-1.36,208345.04,123144.204
300350.SZ,2022-05-12,5.68,5.97,5.66,5.87,5.8,0.07000000000000028,1.21,226753.8,132962.233
300350.SZ,2022-05-13,5.91,5.91,5.71,5.75,5.87,-0.1200000000000001,-2.04,163513.0,94615.066
300350.SZ,2022-05-16,5.77,5.87,5.65,5.76,5.75,0.009999999999999787,0.17,174246.26,100386.156
300350.SZ,2022-05-17,5.73,5.76,5.54,5.69,5.76,-0.0699999999999994,-1.22,170833.0,96173.168
300350.SZ,2022-05-18,5.64,5.89,5.64,5.79,5.69,0.09999999999999964,1.76,174060.4,100612.105
300350.SZ,2022-05-19,5.72,5.75,5.63,5.73,5.79,-0.05999999999999961,-1.04,146046.0,82945.347
300350.SZ,2022-05-20,5.65,5.92,5.65,5.8,5.73,0.0699999999999994,1.22,293920.77,170004.313
300350.SZ,2022-05-23,5.8,5.98,5.75,5.89,5.8,0.08999999999999986,1.55,278506.4,164074.436
300350.SZ,2022-05-24,5.89,5.94,5.46,5.48,5.89,-0.40999999999999925,-6.96,338224.39,190612.098
300350.SZ,2022-05-25,5.47,5.61,5.42,5.6,5.48,0.11999999999999922,2.19,169491.12,93976.392
300350.SZ,2022-05-26,5.6,5.83,5.56,5.75,5.6,0.15000000000000036,2.68,229440.79,131261.102
300350.SZ,2022-05-27,5.75,5.84,5.68,5.8,5.75,0.04999999999999982,0.87,172589.81,99529.752
300350.SZ,2022-05-30,5.75,5.83,5.61,5.68,5.8,-0.1200000000000001,-2.07,138911.81,79119.718
300350.SZ,2022-05-31,5.63,5.7,5.5,5.69,5.68,0.010000000000000675,0.18,137490.99,76929.312
300350.SZ,2022-06-01,5.72,5.87,5.65,5.75,5.69,0.05999999999999961,1.05,164234.21,94785.175
300350.SZ,2022-06-02,5.77,5.78,5.61,5.72,5.75,-0.03000000000000025,-0.52,117505.2,66865.197
300350.SZ,2022-06-06,5.72,5.9,5.68,5.85,5.72,0.1299999999999999,2.27,226640.4,131697.404
300350.SZ,2022-06-07,5.89,5.89,5.72,5.79,5.85,-0.05999999999999961,-1.03,127583.73,73725.634
300350.SZ,2022-06-08,5.87,5.91,5.67,5.8,5.79,0.009999999999999787,0.17,185121.4,107277.194
300350.SZ,2022-06-09,5.75,5.79,5.57,5.59,5.8,-0.20999999999999996,-3.62,160109.0,90356.28
300350.SZ,2022-06-10,5.58,5.78,5.54,5.73,5.59,0.14000000000000057,2.5,158530.07,90277.999
300350.SZ,2022-06-13,5.72,6.19,5.66,6.1,5.73,0.3699999999999992,6.46,367086.32,219532.484
300350.SZ,2022-06-14,6.1,6.74,6.06,6.68,6.1,0.5800000000000001,9.51,579446.81,374832.224
300350.SZ,2022-06-15,6.8,6.8,6.5,6.52,6.68,-0.16000000000000014,-2.4,362662.87,240523.499
300350.SZ,2022-06-16,6.45,6.79,6.45,6.72,6.52,0.20000000000000018,3.07,265527.68,176761.751
300350.SZ,2022-06-17,6.65,6.95,6.63,6.74,6.72,0.020000000000000462,0.3,243195.78,164452.73
300350.SZ,2022-06-20,6.75,7.18,6.7,7.07,6.74,0.33000000000000007,4.9,245316.77,172529.942
300350.SZ,2022-06-21,7.08,7.13,6.97,7.01,7.07,-0.0600000000000005,-0.85,188827.0,132963.375
300350.SZ,2022-06-22,7.02,7.12,6.92,6.93,7.01,-0.08000000000000007,-1.14,166333.73,116581.84
300350.SZ,2022-06-23,6.91,7.24,6.91,7.12,6.93,0.1900000000000004,2.74,161749.3,115284.679
300350.SZ,2022-06-24,7.11,7.17,7.03,7.07,7.12,-0.04999999999999982,-0.7,105707.72,74871.559
300350.SZ,2022-06-27,7.08,7.18,6.71,6.84,7.07,-0.23000000000000043,-3.25,284909.0,195562.109
300350.SZ,2022-06-28,6.78,6.82,6.64,6.79,6.84,-0.04999999999999982,-0.73,150462.24,101687.915
300350.SZ,2022-06-29,6.8,6.9,6.53,6.57,6.79,-0.21999999999999975,-3.24,134313.51,89829.287
300350.SZ,2022-06-30,6.58,6.67,6.48,6.5,6.57,-0.07000000000000028,-1.07,105504.72,69108.469
300350.SZ,2022-07-01,6.5,6.5,6.34,6.4,6.5,-0.09999999999999964,-1.54,109656.13,70363.768
300350.SZ,2022-07-04,6.42,6.54,6.36,6.46,6.4,0.05999999999999961,0.94,112562.0,72744.463
300350.SZ,2022-07-05,6.46,6.6,6.38,6.4,6.46,-0.05999999999999961,-0.93,150261.0,97154.03
300350.SZ,2022-07-06,6.37,6.7,6.3,6.59,6.4,0.1899999999999995,2.97,179822.76,117440.364
300350.SZ,2022-07-07,6.59,7.14,6.53,7.03,6.59,0.4400000000000004,6.68,293940.47,200137.205
300350.SZ,2022-07-08,6.94,7.09,6.83,7.01,7.03,-0.020000000000000462,-0.28,215007.84,148982.179
300350.SZ,2022-07-11,7.01,7.16,6.91,7.14,7.01,0.1299999999999999,1.85,201868.83,142132.475
300350.SZ,2022-07-12,7.16,7.17,6.79,6.8,7.14,-0.33999999999999986,-4.76,197095.14,136624.863
300350.SZ,2022-07-13,6.85,6.89,6.7,6.77,6.8,-0.03000000000000025,-0.44,107709.12,73091.071
300350.SZ,2022-07-14,6.76,6.91,6.68,6.75,6.77,-0.019999999999999574,-0.3,110827.55,75284.274
300350.SZ,2022-07-15,6.7,6.88,6.56,6.56,6.75,-0.1900000000000004,-2.81,108636.89,73056.819
300350.SZ,2022-07-18,6.63,6.75,6.54,6.67,6.56,0.11000000000000032,1.68,124632.11,82999.936
300350.SZ,2022-07-19,6.7,6.75,6.57,6.64,6.67,-0.03000000000000025,-0.45,135453.8,89966.447
300350.SZ,2022-07-20,6.65,6.99,6.59,6.78,6.64,0.14000000000000057,2.11,180011.8,121264.206
300350.SZ,2022-07-21,6.68,6.75,6.36,6.37,6.78,-0.41000000000000014,-6.05,274901.8,177665.48
300350.SZ,2022-07-22,6.37,6.49,6.16,6.29,6.37,-0.08000000000000007,-1.26,150076.76,95074.773
300350.SZ,2022-07-25,6.25,6.43,6.22,6.28,6.29,-0.009999999999999787,-0.16,88354.0,55879.441
300350.SZ,2022-07-26,6.25,6.48,6.15,6.36,6.28,0.08000000000000007,1.27,104647.27,66035.104
300350.SZ,2022-07-27,6.36,6.36,6.25,6.29,6.36,-0.07000000000000028,-1.1,71331.44,44853.979
300350.SZ,2022-07-28,6.3,6.38,6.29,6.34,6.29,0.04999999999999982,0.79,63941.04,40494.808
300350.SZ,2022-07-29,6.34,6.36,6.16,6.19,6.34,-0.14999999999999947,-2.37,99220.0,61882.489
300350.SZ,2022-08-01,6.28,6.38,6.16,6.32,6.19,0.1299999999999999,2.1,96385.13,60533.5
300350.SZ,2022-08-02,6.27,6.27,5.79,5.93,6.32,-0.39000000000000057,-6.17,152373.9,91123.124
300350.SZ,2022-08-03,5.93,6.13,5.9,5.97,5.93,0.040000000000000036,0.67,106551.49,64332.078
300350.SZ,2022-08-04,5.98,6.08,5.92,6.03,5.97,0.0600000000000005,1.01,68588.7,41176.419
300350.SZ,2022-08-05,6.03,6.07,5.98,6.06,6.03,0.02999999999999936,0.5,66312.0,40018.485
300350.SZ,2022-08-08,6.03,6.12,5.98,6.07,6.06,0.010000000000000675,0.17,92767.6,56156.859
300350.SZ,2022-08-09,6.05,6.11,6.0,6.07,6.07,0.0,0.0,57492.6,34865.219
300350.SZ,2022-08-10,6.05,6.07,5.97,6.0,6.07,-0.07000000000000028,-1.15,71988.0,43330.359
300350.SZ,2022-08-11,6.02,6.2,6.01,6.17,6.0,0.16999999999999993,2.83,91865.8,56491.392
300350.SZ,2022-08-12,6.19,6.24,6.14,6.17,6.17,0.0,0.0,65708.8,40717.716
300350.SZ,2022-08-15,6.17,6.19,6.1,6.14,6.17,-0.03000000000000025,-0.49,58671.2,35977.184
300350.SZ,2022-08-16,6.15,6.19,6.11,6.17,6.14,0.03000000000000025,0.49,59701.0,36753.74
300350.SZ,2022-08-17,6.16,6.16,6.07,6.11,6.17,-0.05999999999999961,-0.97,74769.2,45633.016
300350.SZ,2022-08-18,6.11,6.13,6.01,6.03,6.11,-0.08000000000000007,-1.31,77989.29,47152.223
300350.SZ,2022-08-19,6.07,6.19,6.0,6.01,6.03,-0.020000000000000462,-0.33,101568.09,61812.989
300350.SZ,2022-08-22,5.97,6.1,5.9,6.06,6.01,0.04999999999999982,0.83,76020.6,45720.707
300350.SZ,2022-08-23,6.06,6.08,5.98,6.01,6.06,-0.04999999999999982,-0.83,54424.0,32725.312
300350.SZ,2022-08-24,5.98,6.05,5.8,5.83,6.01,-0.17999999999999972,-3.0,84685.2,49934.452
300350.SZ,2022-08-25,5.86,5.92,5.75,5.91,5.83,0.08000000000000007,1.37,63000.22,36836.76
300350.SZ,2022-08-26,5.92,5.96,5.81,5.81,5.91,-0.10000000000000053,-1.69,48838.8,28706.982
300350.SZ,2022-08-29,5.68,5.8,5.63,5.78,5.81,-0.02999999999999936,-0.52,63243.6,36176.409
300350.SZ,2022-08-30,5.77,5.9,5.7,5.78,5.78,0.0,0.0,52831.2,30503.596
300350.SZ,2022-08-31,5.79,5.82,5.61,5.63,5.78,-0.15000000000000036,-2.6,69032.2,39175.713
300350.SZ,2022-09-01,5.64,5.71,5.55,5.56,5.63,-0.07000000000000028,-1.24,42374.0,23847.548
300350.SZ,2022-09-02,5.6,5.72,5.57,5.71,5.56,0.15000000000000036,2.7,42936.0,24292.662
300350.SZ,2022-09-05,5.71,5.76,5.69,5.74,5.71,0.03000000000000025,0.53,38012.0,21774.663
300350.SZ,2022-09-06,5.76,5.87,5.75,5.86,5.74,0.1200000000000001,2.09,56060.2,32638.963
300350.SZ,2022-09-07,5.88,5.89,5.79,5.85,5.86,-0.010000000000000675,-0.17,38942.0,22708.441
300350.SZ,2022-09-08,5.88,5.9,5.8,5.83,5.85,-0.019999999999999574,-0.34,47445.8,27721.967
300350.SZ,2022-09-09,5.81,5.87,5.77,5.81,5.83,-0.020000000000000462,-0.34,40534.2,23576.855
300350.SZ,2022-09-13,5.82,5.94,5.69,5.71,5.81,-0.09999999999999964,-1.72,121012.0,70300.282
300350.SZ,2022-09-14,5.63,5.71,5.56,5.59,5.71,-0.1200000000000001,-2.1,83607.97,47013.222
300350.SZ,2022-09-15,5.61,5.63,5.25,5.3,5.59,-0.29000000000000004,-5.19,160450.53,86294.037
300350.SZ,2022-09-16,5.3,5.32,5.08,5.1,5.3,-0.20000000000000018,-3.77,123003.0,63615.374
300350.SZ,2022-09-19,5.14,5.18,5.01,5.11,5.1,0.010000000000000675,0.2,83712.97,42646.151
300350.SZ,2022-09-20,5.13,5.22,5.11,5.18,5.11,0.0699999999999994,1.37,57783.0,29786.99
300350.SZ,2022-09-21,5.15,5.35,5.06,5.31,5.18,0.1299999999999999,2.51,82817.0,43344.21
300350.SZ,2022-09-22,5.28,5.33,5.21,5.23,5.31,-0.07999999999999918,-1.51,59778.0,31419.413
300350.SZ,2022-09-23,5.3,5.32,5.01,5.02,5.23,-0.21000000000000085,-4.02,77096.0,39574.956
300350.SZ,2022-09-26,4.95,5.04,4.83,4.84,5.02,-0.17999999999999972,-3.59,72125.13,35376.142
300350.SZ,2022-09-27,4.82,5.05,4.82,5.03,4.84,0.1900000000000004,3.93,78698.8,39011.799
300350.SZ,2022-09-28,5.08,5.09,4.85,4.87,5.03,-0.16000000000000014,-3.18,59266.0,29460.065
300350.SZ,2022-09-29,4.96,4.96,4.71,4.76,4.87,-0.11000000000000032,-2.26,65648.2,31639.916
300350.SZ,2022-09-30,4.76,4.82,4.67,4.74,4.76,-0.019999999999999574,-0.42,47058.52,22395.556
300350.SZ,2022-10-10,4.74,4.79,4.63,4.64,4.74,-0.10000000000000053,-2.11,48910.66,22897.171
300350.SZ,2022-10-11,4.64,4.69,4.57,4.69,4.64,0.05000000000000071,1.08,44874.5,20826.76
300350.SZ,2022-10-12,4.71,4.8,4.59,4.79,4.69,0.09999999999999964,2.13,56373.8,26417.251
300350.SZ,2022-10-13,4.8,4.93,4.7,4.86,4.79,0.07000000000000028,1.46,65170.43,31605.177
300350.SZ,2022-10-14,4.86,4.99,4.86,4.98,4.86,0.1200000000000001,2.47,58162.8,28861.478
300350.SZ,2022-10-17,4.97,5.08,4.95,5.05,4.98,0.0699999999999994,1.41,81737.23,41057.69
300350.SZ,2022-10-18,5.02,5.57,5.02,5.3,5.05,0.25,4.95,365647.96,195799.19
300350.SZ,2022-10-19,5.24,5.24,5.08,5.14,5.3,-0.16000000000000014,-3.02,194343.0,100055.692
300350.SZ,2022-10-20,5.13,5.21,5.05,5.11,5.14,-0.02999999999999936,-0.58,124511.0,63923.579
300350.SZ,2022-10-21,5.16,5.16,5.04,5.04,5.11,-0.07000000000000028,-1.37,76465.8,38904.814
300350.SZ,2022-10-24,5.09,5.13,4.82,4.84,5.04,-0.20000000000000018,-3.97,104370.0,51792.077
300350.SZ,2022-10-25,4.83,4.88,4.7,4.84,4.84,0.0,0.0,93084.0,44768.387
300350.SZ,2022-10-26,4.87,5.01,4.84,4.97,4.84,0.1299999999999999,2.69,80047.0,39535.22
300350.SZ,2022-10-27,4.9,5.1,4.9,5.05,4.97,0.08000000000000007,1.61,97832.0,49394.344
300350.SZ,2022-10-28,5.06,5.08,4.79,4.8,5.05,-0.25,-4.95,83057.86,40839.713
300350.SZ,2022-10-31,4.82,4.93,4.81,4.87,4.8,0.07000000000000028,1.46,64971.0,31602.361
300350.SZ,2022-11-01,4.88,4.99,4.83,4.98,4.87,0.11000000000000032,2.26,79109.0,38870.96
300350.SZ,2022-11-02,4.97,5.13,4.97,5.09,4.98,0.10999999999999943,2.21,85422.98,43303.554
300350.SZ,2022-11-03,5.04,5.12,5.01,5.06,5.09,-0.03000000000000025,-0.59,71835.6,36369.639
300350.SZ,2022-11-04,5.06,5.16,5.04,5.13,5.06,0.07000000000000028,1.38,81132.6,41507.128
300350.SZ,2022-11-07,5.11,5.19,5.1,5.19,5.13,0.0600000000000005,1.17,73937.6,38132.474
300350.SZ,2022-11-08,5.18,5.19,5.1,5.16,5.19,-0.03000000000000025,-0.58,58913.04,30276.602
300350.SZ,2022-11-09,5.16,5.17,5.11,5.13,5.16,-0.03000000000000025,-0.58,48111.0,24712.135
300350.SZ,2022-11-10,5.11,5.18,5.1,5.14,5.13,0.009999999999999787,0.19,83871.0,43063.434
300350.SZ,2022-11-11,5.2,5.3,5.14,5.14,5.14,0.0,0.0,77050.0,40025.363
300350.SZ,2022-11-14,5.15,5.18,5.07,5.1,5.14,-0.040000000000000036,-0.78,62459.0,31986.188
300350.SZ,2022-11-15,5.11,5.18,5.07,5.18,5.1,0.08000000000000007,1.57,58378.2,30032.58
300350.SZ,2022-11-16,5.16,5.3,5.15,5.25,5.18,0.07000000000000028,1.35,89560.2,47021.801
300350.SZ,2022-11-17,5.27,5.27,5.16,5.21,5.25,-0.040000000000000036,-0.76,59792.38,31069.341
300350.SZ,2022-11-18,5.2,5.25,5.12,5.13,5.21,-0.08000000000000007,-1.54,63302.0,32785.686
300350.SZ,2022-11-21,5.11,5.13,5.01,5.07,5.13,-0.05999999999999961,-1.17,75022.0,37894.79
300350.SZ,2022-11-22,5.03,5.24,5.03,5.13,5.07,0.05999999999999961,1.18,98619.4,50792.562
300350.SZ,2022-11-23,5.08,5.13,4.98,5.04,5.13,-0.08999999999999986,-1.75,92093.0,46366.091
300350.SZ,2022-11-24,5.06,5.11,4.97,5.0,5.04,-0.040000000000000036,-0.79,77794.0,39117.787
300350.SZ,2022-11-25,5.0,5.04,4.94,5.02,5.0,0.019999999999999574,0.4,48333.79,24163.684
300350.SZ,2022-11-28,4.98,5.0,4.88,4.99,5.02,-0.02999999999999936,-0.6,50545.0,24964.034
300350.SZ,2022-11-29,5.0,5.12,4.98,5.12,4.99,0.1299999999999999,2.61,77655.4,39406.325
300350.SZ,2022-11-30,5.2,5.21,5.09,5.13,5.12,0.009999999999999787,0.2,74216.2,38090.61
300350.SZ,2022-12-01,5.16,5.25,5.15,5.23,5.13,0.10000000000000053,1.95,106125.4,55284.591
300350.SZ,2022-12-02,5.23,5.26,5.19,5.22,5.23,-0.010000000000000675,-0.19,75891.0,39701.118
300350.SZ,2022-12-05,5.27,5.27,5.18,5.25,5.22,0.03000000000000025,0.57,78429.8,41037.286
300350.SZ,2022-12-06,5.26,5.32,5.2,5.29,5.25,0.040000000000000036,0.76,92123.0,48568.318
300350.SZ,2022-12-07,5.29,5.51,5.28,5.41,5.29,0.1200000000000001,2.27,188513.03,101516.562
300350.SZ,2022-12-08,5.36,5.72,5.31,5.53,5.41,0.1200000000000001,2.22,334028.0,185248.407
300350.SZ,2022-12-09,5.48,5.55,5.24,5.31,5.53,-0.22000000000000064,-3.98,216555.0,115827.696
300350.SZ,2022-12-12,5.3,5.3,5.17,5.2,5.31,-0.10999999999999943,-2.07,102713.38,53537.213
300350.SZ,2022-12-13,5.18,5.36,5.18,5.35,5.2,0.14999999999999947,2.88,136989.26,72711.584
300350.SZ,2022-12-14,5.32,5.35,5.25,5.3,5.35,-0.04999999999999982,-0.93,81770.76,43391.226
300350.SZ,2022-12-15,5.31,5.55,5.22,5.41,5.3,0.11000000000000032,2.08,226507.06,122701.507
300350.SZ,2022-12-16,5.37,5.4,5.23,5.35,5.41,-0.0600000000000005,-1.11,132112.0,70215.494
300350.SZ,2022-12-19,5.35,5.39,5.13,5.16,5.35,-0.1899999999999995,-3.55,113056.0,58910.691
300350.SZ,2022-12-20,5.15,5.21,5.09,5.16,5.16,0.0,0.0,59552.4,30693.076
300350.SZ,2022-12-21,5.16,5.27,5.1,5.18,5.16,0.019999999999999574,0.39,63093.0,32710.216
300350.SZ,2022-12-22,5.19,5.31,5.07,5.12,5.18,-0.05999999999999961,-1.16,88514.66,46023.637
300350.SZ,2022-12-23,5.12,5.18,5.03,5.1,5.12,-0.020000000000000462,-0.39,68232.0,34799.744
300350.SZ,2022-12-26,5.06,5.11,4.97,5.02,5.1,-0.08000000000000007,-1.57,91142.2,45849.3
300350.SZ,2022-12-27,5.04,5.16,5.02,5.14,5.02,0.1200000000000001,2.39,92159.6,47022.865
300350.SZ,2022-12-28,5.13,5.14,4.93,4.98,5.14,-0.15999999999999925,-3.11,103924.2,51910.688
300350.SZ,2022-12-29,4.96,4.96,4.85,4.86,4.98,-0.1200000000000001,-2.41,72045.91,35154.71
300350.SZ,2022-12-30,4.86,4.9,4.84,4.88,4.86,0.019999999999999574,0.41,47234.0,22987.598
300350.SZ,2023-01-03,4.88,5.03,4.85,5.02,4.88,0.13999999999999968,2.87,69876.4,34684.868
300350.SZ,2023-01-04,4.98,5.04,4.97,5.01,5.02,-0.009999999999999787,-0.2,59181.0,29627.575
300350.SZ,2023-01-05,5.01,5.02,4.95,5.0,5.01,-0.009999999999999787,-0.2,56130.62,27959.118
300350.SZ,2023-01-06,4.97,5.02,4.88,4.91,5.0,-0.08999999999999986,-1.8,77581.0,38344.993
300350.SZ,2023-01-09,4.88,4.95,4.86,4.89,4.91,-0.020000000000000462,-0.41,53577.63,26244.24
300350.SZ,2023-01-10,4.89,4.89,4.79,4.81,4.89,-0.08000000000000007,-1.64,62951.0,30328.19
300350.SZ,2023-01-11,4.78,4.81,4.71,4.73,4.81,-0.07999999999999918,-1.66,57808.0,27548.995
300350.SZ,2023-01-12,4.75,4.76,4.67,4.7,4.73,-0.03000000000000025,-0.63,52122.0,24551.803
300350.SZ,2023-01-13,4.69,4.76,4.69,4.74,4.7,0.040000000000000036,0.85,49948.2,23608.021
300350.SZ,2023-01-16,4.75,4.8,4.73,4.78,4.74,0.040000000000000036,0.84,51488.0,24595.754
300350.SZ,2023-01-17,4.81,4.82,4.7,4.73,4.78,-0.04999999999999982,-1.05,49672.4,23555.186
300350.SZ,2023-01-18,4.75,4.78,4.72,4.75,4.73,0.019999999999999574,0.42,48892.38,23219.731
300350.SZ,2023-01-19,4.74,4.82,4.73,4.81,4.75,0.05999999999999961,1.26,51017.18,24399.432
300350.SZ,2023-01-20,4.83,4.88,4.8,4.88,4.81,0.07000000000000028,1.46,57923.0,28110.866
300350.SZ,2023-01-30,4.93,4.99,4.91,4.98,4.88,0.10000000000000053,2.05,88405.8,43890.944
300350.SZ,2023-01-31,4.93,4.99,4.91,4.98,4.98,0.0,0.0,81444.66,40392.899
300350.SZ,2023-02-01,4.99,5.12,4.97,5.12,4.98,0.13999999999999968,2.81,100871.84,51024.848
300350.SZ,2023-02-02,5.17,5.23,5.07,5.16,5.12,0.040000000000000036,0.78,108822.4,56094.759
300350.SZ,2023-02-03,5.09,5.2,5.09,5.18,5.16,0.019999999999999574,0.39,76759.0,39541.127
300350.SZ,2023-02-06,5.18,5.21,5.1,5.14,5.18,-0.040000000000000036,-0.77,76348.2,39299.942
300350.SZ,2023-02-07,5.13,5.22,5.11,5.21,5.14,0.07000000000000028,1.36,90113.4,46596.722
300350.SZ,2023-02-08,5.21,5.22,5.15,5.17,5.21,-0.040000000000000036,-0.77,63032.8,32669.981
300350.SZ,2023-02-09,5.17,5.23,5.14,5.23,5.17,0.0600000000000005,1.16,61235.0,31833.965
300350.SZ,2023-02-10,5.23,5.28,5.21,5.27,5.23,0.03999999999999915,0.76,72421.8,38029.713
300350.SZ,2023-02-13,5.25,5.31,5.23,5.3,5.27,0.03000000000000025,0.57,68658.0,36162.449
300350.SZ,2023-02-14,5.3,5.34,5.26,5.33,5.3,0.03000000000000025,0.57,60158.93,31855.432
300350.SZ,2023-02-15,5.36,5.39,5.28,5.38,5.33,0.04999999999999982,0.94,82321.4,43956.963
300350.SZ,2023-02-16,5.42,5.52,5.16,5.22,5.38,-0.16000000000000014,-2.97,190449.26,102074.367
300350.SZ,2023-02-17,5.23,5.32,5.21,5.23,5.22,0.010000000000000675,0.19,111805.06,58790.114
300350.SZ,2023-02-20,5.21,5.29,5.17,5.23,5.23,0.0,0.0,81704.4,42665.919
300350.SZ,2023-02-21,5.27,5.29,5.2,5.25,5.23,0.019999999999999574,0.38,62916.12,33067.274
300350.SZ,2023-02-22,5.26,5.26,5.16,5.21,5.25,-0.040000000000000036,-0.76,67808.4,35224.227
300350.SZ,2023-02-23,5.2,5.22,5.11,5.15,5.21,-0.05999999999999961,-1.15,68890.79,35540.136
300350.SZ,2023-02-24,5.17,5.18,5.08,5.13,5.15,-0.020000000000000462,-0.39,43845.4,22482.697
300350.SZ,2023-02-27,5.15,5.15,5.02,5.04,5.13,-0.08999999999999986,-1.75,43859.0,22222.692
300350.SZ,2023-02-28,5.03,5.12,5.03,5.1,5.04,0.05999999999999961,1.19,44827.2,22799.566
300350.SZ,2023-03-01,5.1,5.28,5.05,5.27,5.1,0.16999999999999993,3.33,96455.46,50152.953
300350.SZ,2023-03-02,5.35,5.53,5.29,5.42,5.27,0.15000000000000036,2.85,291788.0,158294.65
300350.SZ,2023-03-03,5.41,5.42,5.24,5.32,5.42,-0.09999999999999964,-1.85,138731.4,73632.116
300350.SZ,2023-03-06,5.32,5.34,5.2,5.22,5.32,-0.10000000000000053,-1.88,86518.0,45358.631
300350.SZ,2023-03-07,5.2,5.26,5.1,5.11,5.22,-0.10999999999999943,-2.11,73341.0,37934.109
300350.SZ,2023-03-08,5.08,5.21,5.08,5.2,5.11,0.08999999999999986,1.76,59091.0,30414.286
300350.SZ,2023-03-09,5.21,5.28,5.15,5.27,5.2,0.0699999999999994,1.35,75419.0,39403.113
300350.SZ,2023-03-10,5.27,5.31,5.18,5.21,5.27,-0.05999999999999961,-1.14,76796.24,40322.307
300350.SZ,2023-03-13,5.18,5.24,5.08,5.21,5.21,0.0,0.0,85224.4,44031.339
300350.SZ,2023-03-14,5.18,5.22,5.02,5.07,5.21,-0.13999999999999968,-2.69,72652.0,36992.912
300350.SZ,2023-03-15,5.1,5.21,5.07,5.14,5.07,0.0699999999999994,1.38,72595.0,37398.065
300350.SZ,2023-03-16,5.13,5.13,5.02,5.03,5.14,-0.10999999999999943,-2.14,69368.44,35088.573
300350.SZ,2023-03-17,5.07,5.14,5.05,5.12,5.03,0.08999999999999986,1.79,70022.63,35794.589
300350.SZ,2023-03-20,5.12,5.17,4.94,4.95,5.12,-0.16999999999999993,-3.32,125005.2,62565.019
300350.SZ,2023-03-21,4.97,5.14,4.95,5.11,4.95,0.16000000000000014,3.23,111502.0,56455.933
300350.SZ,2023-03-22,5.1,5.25,5.1,5.25,5.11,0.13999999999999968,2.74,127458.64,66151.499
300350.SZ,2023-03-23,5.23,5.23,5.15,5.2,5.25,-0.04999999999999982,-0.95,80747.0,41821.855
300350.SZ,2023-03-24,5.2,5.26,5.14,5.25,5.2,0.04999999999999982,0.96,109035.68,56690.19
300350.SZ,2023-03-27,5.26,5.31,5.15,5.27,5.25,0.019999999999999574,0.38,118543.03,62150.768
300350.SZ,2023-03-28,5.28,5.29,5.13,5.15,5.27,-0.11999999999999922,-2.28,83620.2,43330.675
300350.SZ,2023-03-29,5.16,5.18,5.09,5.11,5.15,-0.040000000000000036,-0.78,68121.4,34936.062
300350.SZ,2023-03-30,5.11,5.13,4.97,5.0,5.11,-0.11000000000000032,-2.15,83783.73,42104.853
300350.SZ,2023-03-31,5.0,5.1,4.97,5.1,5.0,0.09999999999999964,2.0,71480.8,36065.793
300350.SZ,2023-04-03,5.12,5.22,5.09,5.2,5.1,0.10000000000000053,1.96,99152.44,51238.869
300350.SZ,2023-04-04,5.22,5.23,5.15,5.19,5.2,-0.009999999999999787,-0.19,86535.8,44923.001
300350.SZ,2023-04-06,5.17,5.17,5.01,5.02,5.19,-0.17000000000000082,-3.28,109683.88,55346.427
300350.SZ,2023-04-07,5.01,5.12,5.0,5.12,5.02,0.10000000000000053,1.99,81156.08,41103.737
300350.SZ,2023-04-10,5.12,5.12,4.93,4.96,5.12,-0.16000000000000014,-3.13,118565.4,59279.601
300350.SZ,2023-04-11,4.95,4.97,4.79,4.83,4.96,-0.1299999999999999,-2.62,129792.06,62830.677
300350.SZ,2023-04-12,4.84,4.95,4.82,4.9,4.83,0.07000000000000028,1.45,79645.8,38846.557
300350.SZ,2023-04-13,4.9,4.91,4.84,4.85,4.9,-0.05000000000000071,-1.02,72850.46,35491.17
300350.SZ,2023-04-14,4.85,4.89,4.76,4.8,4.85,-0.04999999999999982,-1.03,73195.2,35153.351
300350.SZ,2023-04-17,4.77,4.82,4.76,4.78,4.8,-0.019999999999999574,-0.42,54072.0,25889.534
300350.SZ,2023-04-18,4.79,4.79,4.65,4.69,4.78,-0.08999999999999986,-1.88,88924.2,41717.531
300350.SZ,2023-04-19,4.67,4.69,4.6,4.65,4.69,-0.040000000000000036,-0.85,60431.0,28042.749
300350.SZ,2023-04-20,4.64,4.64,4.51,4.55,4.65,-0.10000000000000053,-2.15,88458.0,40249.646
300350.SZ,2023-04-21,4.54,4.55,4.38,4.39,4.55,-0.16000000000000014,-3.52,90994.42,40419.448
300350.SZ,2023-04-24,4.39,4.43,4.33,4.42,4.39,0.03000000000000025,0.68,54549.74,23907.353
300350.SZ,2023-04-25,4.42,4.42,4.21,4.29,4.42,-0.1299999999999999,-2.94,91019.9,39091.668
300350.SZ,2023-04-26,4.29,4.38,4.26,4.34,4.29,0.04999999999999982,1.17,53134.46,23008.339
300350.SZ,2023-04-27,4.34,4.39,4.28,4.32,4.34,-0.019999999999999574,-0.46,56020.9,24335.84
300350.SZ,2023-04-28,4.36,4.51,4.32,4.49,4.32,0.16999999999999993,3.94,76121.9,33775.112
300350.SZ,2023-05-04,4.5,4.55,4.46,4.52,4.49,0.02999999999999936,0.67,69247.4,31287.671
300350.SZ,2023-05-05,4.53,4.54,4.42,4.5,4.52,-0.019999999999999574,-0.44,50542.0,22618.867
300350.SZ,2023-05-08,4.5,4.55,4.47,4.5,4.5,0.0,0.0,47174.68,21253.594
300350.SZ,2023-05-09,4.5,4.54,4.41,4.41,4.5,-0.08999999999999986,-2.0,57968.18,25849.364
300350.SZ,2023-05-10,4.43,4.48,4.4,4.43,4.41,0.019999999999999574,0.45,42458.66,18820.138
300350.SZ,2023-05-11,4.46,4.49,4.42,4.48,4.43,0.05000000000000071,1.13,49520.4,22109.68
300350.SZ,2023-05-12,4.45,4.74,4.44,4.54,4.48,0.05999999999999961,1.34,182272.94,84060.035
300350.SZ,2023-05-15,4.5,4.54,4.39,4.47,4.54,-0.07000000000000028,-1.54,129884.7,57830.104
300350.SZ,2023-05-16,4.49,4.49,4.36,4.37,4.47,-0.09999999999999964,-2.24,73265.8,32137.952
300350.SZ,2023-05-17,4.37,4.47,4.33,4.46,4.37,0.08999999999999986,2.06,71285.8,31570.339
300350.SZ,2023-05-18,4.51,4.64,4.45,4.56,4.46,0.09999999999999964,2.24,104284.16,47415.645
300350.SZ,2023-05-19,4.52,4.53,4.45,4.49,4.56,-0.0699999999999994,-1.54,73906.6,33126.604
300350.SZ,2023-05-22,4.59,4.91,4.59,4.72,4.49,0.22999999999999954,5.12,345029.0,164263.751
300350.SZ,2023-05-23,4.72,4.77,4.53,4.58,4.72,-0.13999999999999968,-2.97,219837.12,101222.857
300350.SZ,2023-05-24,4.55,4.56,4.48,4.51,4.58,-0.07000000000000028,-1.53,127305.4,57650.936
300350.SZ,2023-05-25,4.52,4.54,4.41,4.48,4.51,-0.02999999999999936,-0.67,105251.0,47019.587
300350.SZ,2023-05-26,4.51,4.52,4.41,4.49,4.48,0.009999999999999787,0.22,79184.88,35302.621
300350.SZ,2023-05-29,4.49,4.5,4.36,4.38,4.49,-0.11000000000000032,-2.45,103385.6,45538.197
300350.SZ,2023-05-30,4.39,4.43,4.34,4.42,4.38,0.040000000000000036,0.91,66373.73,29108.466
300350.SZ,2023-05-31,4.41,4.43,4.36,4.36,4.42,-0.05999999999999961,-1.36,61241.12,26909.087
300350.SZ,2023-06-01,4.34,4.47,4.34,4.44,4.36,0.08000000000000007,1.83,93449.46,41382.26
300350.SZ,2023-06-02,4.43,4.53,4.43,4.5,4.44,0.05999999999999961,1.35,75725.64,34030.284
300350.SZ,2023-06-05,4.5,4.56,4.5,4.52,4.5,0.019999999999999574,0.44,70335.0,31832.381
300350.SZ,2023-06-06,4.5,4.51,4.37,4.37,4.52,-0.14999999999999947,-3.32,62577.79,27730.903
300350.SZ,2023-06-07,4.37,4.44,4.34,4.43,4.37,0.05999999999999961,1.37,52159.29,22950.536
300350.SZ,2023-06-08,4.42,4.48,4.39,4.45,4.43,0.020000000000000462,0.45,61773.6,27411.417
300350.SZ,2023-06-09,4.47,4.49,4.42,4.43,4.45,-0.020000000000000462,-0.45,65805.06,29302.415
300350.SZ,2023-06-12,4.43,4.53,4.34,4.52,4.43,0.08999999999999986,2.03,93149.5,41315.922
300350.SZ,2023-06-13,4.5,4.54,4.48,4.53,4.52,0.010000000000000675,0.22,58266.8,26303.493
300350.SZ,2023-06-14,4.53,4.55,4.46,4.53,4.53,0.0,0.0,66330.0,29958.666
300350.SZ,2023-06-15,4.52,4.53,4.46,4.47,4.53,-0.0600000000000005,-1.32,60519.4,27069.209
300350.SZ,2023-06-16,4.47,4.49,4.45,4.46,4.47,-0.009999999999999787,-0.22,57615.2,25769.375
300350.SZ,2023-06-19,4.45,4.46,4.39,4.4,4.46,-0.05999999999999961,-1.35,59256.0,26170.922
300350.SZ,2023-06-20,4.39,4.4,4.34,4.34,4.4,-0.0600000000000005,-1.36,64353.06,28091.664
300350.SZ,2023-06-21,4.33,4.36,4.26,4.26,4.34,-0.08000000000000007,-1.84,48975.6,21050.214
300350.SZ,2023-06-26,4.21,4.24,4.1,4.11,4.26,-0.14999999999999947,-3.52,63622.8,26427.872
300350.SZ,2023-06-27,4.11,4.23,4.09,4.22,4.11,0.10999999999999943,2.68,48828.2,20446.3
300350.SZ,2023-06-28,4.23,4.25,4.11,4.23,4.22,0.010000000000000675,0.24,44455.8,18585.908
300350.SZ,2023-06-29,4.23,4.29,4.19,4.26,4.23,0.02999999999999936,0.71,41889.4,17811.533
300350.SZ,2023-06-30,4.26,4.31,4.25,4.29,4.26,0.03000000000000025,0.7,52887.6,22684.024
300350.SZ,2023-07-03,4.27,4.36,4.27,4.35,4.29,0.05999999999999961,1.4,58474.79,25389.558
300350.SZ,2023-07-04,4.36,4.38,4.32,4.36,4.35,0.010000000000000675,0.23,42085.6,18300.509
300350.SZ,2023-07-05,4.36,4.38,4.32,4.34,4.36,-0.020000000000000462,-0.46,35225.72,15332.822
300350.SZ,2023-07-06,4.37,4.38,4.31,4.34,4.34,0.0,0.0,38381.35,16693.912
300350.SZ,2023-07-07,4.32,4.35,4.25,4.33,4.34,-0.009999999999999787,-0.23,44202.0,19047.955
300350.SZ,2023-07-10,4.36,4.36,4.28,4.3,4.33,-0.03000000000000025,-0.69,32731.0,14138.068
300350.SZ,2023-07-11,4.32,4.36,4.3,4.35,4.3,0.04999999999999982,1.16,45835.0,19887.655
300350.SZ,2023-07-12,4.34,4.35,4.26,4.26,4.35,-0.08999999999999986,-2.07,42186.0,18133.337
300350.SZ,2023-07-13,4.26,4.34,4.26,4.3,4.26,0.040000000000000036,0.94,26956.0,11586.998
300350.SZ,2023-07-14,4.32,4.34,4.26,4.32,4.3,0.020000000000000462,0.47,41215.52,17799.312
300350.SZ,2023-07-17,4.32,4.36,4.23,4.36,4.32,0.040000000000000036,0.93,60668.0,26227.671
300350.SZ,2023-07-18,4.35,4.43,4.29,4.41,4.36,0.04999999999999982,1.15,78240.6,34235.281
300350.SZ,2023-07-19,4.43,4.45,4.38,4.4,4.41,-0.009999999999999787,-0.23,43935.85,19364.422
300350.SZ,2023-07-20,4.41,4.43,4.36,4.38,4.4,-0.020000000000000462,-0.45,44526.6,19565.792
300350.SZ,2023-07-21,4.37,4.42,4.36,4.38,4.38,0.0,0.0,43332.5,19025.997
300350.SZ,2023-07-24,4.38,4.41,4.32,4.4,4.38,0.020000000000000462,0.46,44850.0,19650.969
300350.SZ,2023-07-25,4.42,4.49,4.39,4.49,4.4,0.08999999999999986,2.05,84589.71,37664.583
300350.SZ,2023-07-26,4.48,4.54,4.44,4.51,4.49,0.019999999999999574,0.45,70313.85,31610.114
300350.SZ,2023-07-27,4.5,4.55,4.47,4.5,4.51,-0.009999999999999787,-0.22,63599.52,28723.313
300350.SZ,2023-07-28,4.48,4.72,4.46,4.69,4.5,0.1900000000000004,4.22,192880.14,89192.979
300350.SZ,2023-07-31,4.69,4.79,4.67,4.72,4.69,0.02999999999999936,0.64,181095.8,85221.597
300350.SZ,2023-08-01,4.68,4.77,4.65,4.68,4.72,-0.040000000000000036,-0.85,115336.4,54177.337
300350.SZ,2023-08-02,4.65,4.81,4.65,4.81,4.68,0.1299999999999999,2.78,153245.21,72598.886
300350.SZ,2023-08-03,4.73,4.79,4.64,4.72,4.81,-0.08999999999999986,-1.87,182554.02,85789.324
300350.SZ,2023-08-04,4.78,5.05,4.71,4.91,4.72,0.1900000000000004,4.03,476250.48,233843.576
300350.SZ,2023-08-07,4.81,5.12,4.77,5.1,4.91,0.1899999999999995,3.87,432117.15,213331.493
300350.SZ,2023-08-08,5.01,5.01,4.79,4.87,5.1,-0.22999999999999954,-4.51,368865.69,179630.614
300350.SZ,2023-08-09,4.73,5.21,4.72,4.95,4.87,0.08000000000000007,1.64,416141.49,205886.841
300350.SZ,2023-08-10,4.87,5.39,4.87,5.31,4.95,0.35999999999999943,7.27,786582.72,406694.242
300350.SZ,2023-08-11,5.14,5.16,4.85,4.9,5.31,-0.40999999999999925,-7.72,542396.34,272424.419
300350.SZ,2023-08-14,4.82,4.9,4.72,4.8,4.9,-0.10000000000000053,-2.04,268872.3,129173.486
300350.SZ,2023-08-15,4.76,4.78,4.54,4.6,4.8,-0.20000000000000018,-4.17,267439.3,123422.119
300350.SZ,2023-08-16,4.6,4.76,4.53,4.69,4.6,0.09000000000000075,1.96,232469.6,108524.337
300350.SZ,2023-08-17,4.62,4.85,4.6,4.82,4.69,0.1299999999999999,2.77,236962.0,112505.475
300350.SZ,2023-08-18,4.77,4.97,4.75,4.81,4.82,-0.010000000000000675,-0.21,266460.37,129800.496
300350.SZ,2023-08-21,4.76,4.91,4.71,4.72,4.81,-0.08999999999999986,-1.87,159174.0,76061.129
300350.SZ,2023-08-22,4.76,5.0,4.67,4.99,4.72,0.27000000000000046,5.72,309823.0,150646.418
300350.SZ,2023-08-23,4.92,5.07,4.88,4.9,4.99,-0.08999999999999986,-1.8,304851.4,151555.602
300350.SZ,2023-08-24,4.93,5.05,4.78,4.85,4.9,-0.05000000000000071,-1.02,236571.0,115641.317
300350.SZ,2023-08-25,4.79,4.92,4.65,4.7,4.85,-0.14999999999999947,-3.09,186485.0,88406.884
300350.SZ,2023-08-28,5.03,5.07,4.65,4.65,4.7,-0.04999999999999982,-1.06,214450.0,103403.042
300350.SZ,2023-08-29,4.59,4.92,4.59,4.9,4.65,0.25,5.38,235571.2,114107.255
300350.SZ,2023-08-30,4.91,4.95,4.78,4.86,4.9,-0.040000000000000036,-0.82,176431.29,85426.639
300350.SZ,2023-08-31,4.9,4.9,4.69,4.7,4.86,-0.16000000000000014,-3.29,135873.39,64291.838
300350.SZ,2023-09-01,4.7,4.74,4.56,4.59,4.7,-0.11000000000000032,-2.34,129588.03,59755.936
300350.SZ,2023-09-04,4.62,4.76,4.6,4.74,4.59,0.15000000000000036,3.27,135719.8,63718.195
300350.SZ,2023-09-05,4.72,4.73,4.58,4.63,4.74,-0.11000000000000032,-2.32,110412.8,51146.002
300350.SZ,2023-09-06,4.59,4.66,4.54,4.64,4.63,0.009999999999999787,0.22,99580.2,45778.582
300350.SZ,2023-09-07,4.63,4.63,4.49,4.5,4.64,-0.13999999999999968,-3.02,130801.0,59495.034
300350.SZ,2023-09-08,4.48,4.53,4.44,4.47,4.5,-0.03000000000000025,-0.67,68711.06,30773.487
300350.SZ,2023-09-11,4.46,4.56,4.43,4.54,4.47,0.07000000000000028,1.57,76732.0,34547.315
300350.SZ,2023-09-12,4.53,4.53,4.45,4.47,4.54,-0.07000000000000028,-1.54,72695.0,32511.562
300350.SZ,2023-09-13,4.44,4.47,4.37,4.41,4.47,-0.05999999999999961,-1.34,85680.17,37791.034
300350.SZ,2023-09-14,4.4,4.41,4.32,4.38,4.41,-0.03000000000000025,-0.68,58100.0,25376.277
300350.SZ,2023-09-15,4.38,4.43,4.37,4.39,4.38,0.009999999999999787,0.23,51819.0,22790.206
300350.SZ,2023-09-18,4.36,4.48,4.32,4.45,4.39,0.0600000000000005,1.37,70241.0,31046.475
300350.SZ,2023-09-19,4.43,4.44,4.38,4.39,4.45,-0.0600000000000005,-1.35,38710.75,17077.399
300350.SZ,2023-09-20,4.38,4.42,4.35,4.36,4.39,-0.02999999999999936,-0.68,33434.0,14651.916
300350.SZ,2023-09-21,4.36,4.41,4.35,4.36,4.36,0.0,0.0,35173.0,15393.321
300350.SZ,2023-09-22,4.35,4.51,4.35,4.5,4.36,0.13999999999999968,3.21,81247.2,36214.654
300350.SZ,2023-09-25,4.51,4.53,4.41,4.42,4.5,-0.08000000000000007,-1.78,98652.93,44009.77
300350.SZ,2023-09-26,4.45,4.47,4.38,4.42,4.42,0.0,0.0,63740.0,28207.715
300350.SZ,2023-09-27,4.42,4.48,4.39,4.45,4.42,0.03000000000000025,0.68,63623.93,28339.395
300350.SZ,2023-09-28,4.45,4.52,4.43,4.49,4.45,0.040000000000000036,0.9,80593.0,36200.816
300350.SZ,2023-10-09,4.51,4.51,4.4,4.42,4.49,-0.07000000000000028,-1.56,94127.0,41676.503
300350.SZ,2023-10-10,4.42,4.51,4.42,4.44,4.42,0.020000000000000462,0.45,66473.0,29668.899
300350.SZ,2023-10-11,4.46,4.46,4.36,4.42,4.44,-0.020000000000000462,-0.45,71429.0,31534.475
300350.SZ,2023-10-12,4.44,4.46,4.39,4.44,4.42,0.020000000000000462,0.45,63837.0,28198.473
300350.SZ,2023-10-13,4.42,4.42,4.35,4.36,4.44,-0.08000000000000007,-1.8,78832.0,34463.731
300350.SZ,2023-10-16,4.37,4.39,4.33,4.35,4.36,-0.010000000000000675,-0.23,47487.0,20670.206
300350.SZ,2023-10-17,4.36,4.38,4.32,4.36,4.35,0.010000000000000675,0.23,48786.0,21253.768
300350.SZ,2023-10-18,4.36,4.36,4.26,4.28,4.36,-0.08000000000000007,-1.83,73037.5,31347.655
300350.SZ,2023-10-19,4.25,4.37,4.22,4.26,4.28,-0.020000000000000462,-0.47,78389.38,33638.526
300350.SZ,2023-10-20,4.26,4.31,4.22,4.25,4.26,-0.009999999999999787,-0.23,54321.5,23108.405
300350.SZ,2023-10-23,4.26,4.26,4.12,4.16,4.25,-0.08999999999999986,-2.12,63633.3,26527.023
300350.SZ,2023-10-24,4.19,4.29,4.15,4.28,4.16,0.1200000000000001,2.88,65919.8,28006.268
300350.SZ,2023-10-25,4.31,4.4,4.27,4.38,4.28,0.09999999999999964,2.34,98841.45,43117.824
300350.SZ,2023-10-26,4.38,4.38,4.31,4.36,4.38,-0.019999999999999574,-0.46,58906.53,25574.263
300350.SZ,2023-10-27,4.37,4.41,4.34,4.4,4.36,0.040000000000000036,0.92,79966.6,35029.851
300350.SZ,2023-10-30,4.69,5.28,4.56,5.28,4.4,0.8799999999999999,20.0,616417.5,312892.027
300350.SZ,2023-10-31,5.59,5.66,5.2,5.2,5.28,-0.08000000000000007,-1.52,1072695.5,577015.059
300350.SZ,2023-11-01,5.22,5.45,5.09,5.19,5.2,-0.009999999999999787,-0.19,694315.28,365269.134
300350.SZ,2023-11-02,5.31,5.35,5.12,5.28,5.19,0.08999999999999986,1.73,512530.45,268901.637
300350.SZ,2023-11-03,5.24,5.4,5.15,5.2,5.28,-0.08000000000000007,-1.52,435402.95,227245.759
300350.SZ,2023-11-06,5.18,5.27,5.05,5.27,5.2,0.0699999999999994,1.35,470449.2,242652.288
300350.SZ,2023-11-07,5.27,5.34,5.2,5.25,5.27,-0.019999999999999574,-0.38,365345.8,192137.202
300350.SZ,2023-11-08,5.28,5.88,5.22,5.62,5.25,0.3700000000000001,7.05,916527.61,508244.04
300350.SZ,2023-11-09,5.54,5.54,5.3,5.33,5.62,-0.29000000000000004,-5.16,554861.95,298830.635
300350.SZ,2023-11-10,5.3,5.39,5.23,5.36,5.33,0.03000000000000025,0.56,282652.24,150666.622
300350.SZ,2023-11-13,5.36,5.46,5.35,5.39,5.36,0.02999999999999936,0.56,257886.2,138792.729
300350.SZ,2023-11-14,5.38,5.47,5.38,5.44,5.39,0.05000000000000071,0.93,271730.0,147283.431
300350.SZ,2023-11-15,5.5,5.5,5.35,5.41,5.44,-0.03000000000000025,-0.55,207379.6,112111.24
300350.SZ,2023-11-16,5.39,5.45,5.36,5.39,5.41,-0.020000000000000462,-0.37,177231.0,95789.123
300350.SZ,2023-11-17,5.38,5.41,5.31,5.39,5.39,0.0,0.0,213578.24,114477.662
300350.SZ,2023-11-20,5.4,5.45,5.36,5.43,5.39,0.040000000000000036,0.74,165062.6,89249.736
300350.SZ,2023-11-21,5.41,5.43,5.34,5.37,5.43,-0.05999999999999961,-1.1,189957.9,102214.786
300350.SZ,2023-11-22,5.37,5.42,5.31,5.31,5.37,-0.0600000000000005,-1.12,156580.24,83792.883
300350.SZ,2023-11-23,5.32,5.42,5.28,5.38,5.31,0.07000000000000028,1.32,151706.0,81355.706
300350.SZ,2023-11-24,5.39,5.4,5.26,5.28,5.38,-0.09999999999999964,-1.86,132249.0,70197.176
300350.SZ,2023-11-27,5.28,5.37,5.25,5.31,5.28,0.02999999999999936,0.57,113364.47,60196.814
300350.SZ,2023-11-28,5.3,5.35,5.22,5.34,5.31,0.03000000000000025,0.56,99210.1,52722.667
300350.SZ,2023-11-29,5.31,5.34,5.26,5.29,5.34,-0.04999999999999982,-0.94,87695.0,46488.057
300350.SZ,2023-11-30,5.26,5.31,5.18,5.24,5.29,-0.04999999999999982,-0.95,97111.0,50801.547
300350.SZ,2023-12-01,5.28,5.36,5.23,5.32,5.24,0.08000000000000007,1.53,142981.0,75991.734
300350.SZ,2023-12-04,5.38,5.57,5.35,5.41,5.32,0.08999999999999986,1.69,327040.35,178558.047
300350.SZ,2023-12-05,5.48,5.54,5.26,5.26,5.41,-0.15000000000000036,-2.77,222277.59,119249.069
300350.SZ,2023-12-06,5.25,5.33,5.21,5.28,5.26,0.020000000000000462,0.38,150811.0,79690.901
300350.SZ,2023-12-07,5.25,5.29,5.2,5.21,5.28,-0.07000000000000028,-1.33,135591.0,70939.093
300350.SZ,2023-12-08,5.23,5.27,5.1,5.1,5.21,-0.11000000000000032,-2.11,149199.0,77086.619
300350.SZ,2023-12-11,5.05,5.18,5.0,5.16,5.1,0.0600000000000005,1.18,129948.0,66441.217
300350.SZ,2023-12-12,5.17,5.26,5.1,5.23,5.16,0.07000000000000028,1.36,116129.33,60630.591
300350.SZ,2023-12-13,5.21,5.26,5.16,5.17,5.23,-0.0600000000000005,-1.15,108455.0,56643.538
300350.SZ,2023-12-14,5.18,5.3,5.18,5.2,5.17,0.03000000000000025,0.58,105787.0,55466.441
300350.SZ,2023-12-15,5.22,5.22,5.13,5.17,5.2,-0.03000000000000025,-0.58,85560.0,44199.48
300350.SZ,2023-12-18,5.16,5.25,5.14,5.17,5.17,0.0,0.0,105950.04,55011.087
300350.SZ,2023-12-19,5.3,5.35,5.12,5.17,5.17,0.0,0.0,207874.6,108046.82
300350.SZ,2023-12-20,5.21,5.25,5.06,5.07,5.17,-0.09999999999999964,-1.93,135120.94,69582.358
300350.SZ,2023-12-21,5.09,5.15,5.0,5.14,5.07,0.0699999999999994,1.38,144114.56,73299.866
300350.SZ,2023-12-22,5.14,5.15,5.0,5.02,5.14,-0.1200000000000001,-2.33,127931.2,64698.385
300350.SZ,2023-12-25,5.03,5.03,4.88,4.95,5.02,-0.0699999999999994,-1.39,110857.0,54760.188
300350.SZ,2023-12-26,4.95,5.01,4.92,4.92,4.95,-0.03000000000000025,-0.61,101220.2,50148.492
300350.SZ,2023-12-27,4.93,5.03,4.93,5.02,4.92,0.09999999999999964,2.03,101292.0,50566.081
300350.SZ,2023-12-28,4.99,5.09,4.94,5.05,5.02,0.03000000000000025,0.6,97140.0,48956.403
300350.SZ,2023-12-29,5.04,5.15,5.03,5.13,5.05,0.08000000000000007,1.58,105811.8,54055.759
300350.SZ,2024-01-02,5.15,5.34,5.13,5.28,5.13,0.15000000000000036,2.92,202850.36,106763.568
300350.SZ,2024-01-03,5.3,5.32,5.16,5.24,5.28,-0.040000000000000036,-0.76,147311.56,76921.255
300350.SZ,2024-01-04,5.22,5.29,5.19,5.24,5.24,0.0,0.0,111337.0,58269.865
300350.SZ,2024-01-05,5.22,5.27,5.14,5.17,5.24,-0.07000000000000028,-1.34,96377.8,50128.282
300350.SZ,2024-01-08,5.17,5.18,5.07,5.07,5.17,-0.09999999999999964,-1.93,95174.8,48741.545
300350.SZ,2024-01-09,5.05,5.19,5.05,5.13,5.07,0.05999999999999961,1.18,105997.8,54446.022
300350.SZ,2024-01-10,5.14,5.14,5.01,5.06,5.13,-0.07000000000000028,-1.36,88492.0,44825.034
300350.SZ,2024-01-11,5.05,5.23,5.03,5.21,5.06,0.15000000000000036,2.96,136122.6,70300.437
300350.SZ,2024-01-12,5.23,5.28,5.11,5.13,5.21,-0.08000000000000007,-1.54,93757.0,48555.547
300350.SZ,2024-01-15,5.13,5.14,5.04,5.07,5.13,-0.05999999999999961,-1.17,79517.0,40425.765
300350.SZ,2024-01-16,5.06,5.09,4.96,5.08,5.07,0.009999999999999787,0.2,122419.0,61535.564
300350.SZ,2024-01-17,5.07,5.5,5.03,5.33,5.08,0.25,4.92,537631.2,286420.243
300350.SZ,2024-01-18,5.26,5.77,5.2,5.52,5.33,0.1899999999999995,3.56,846659.0,464713.06
300350.SZ,2024-01-19,5.51,5.55,5.28,5.37,5.52,-0.14999999999999947,-2.72,550385.0,295456.413
300350.SZ,2024-01-22,5.35,5.8,5.3,5.66,5.37,0.29000000000000004,5.4,950233.03,531853.631
300350.SZ,2024-01-23,5.46,5.74,5.32,5.74,5.66,0.08000000000000007,1.41,742702.4,409787.108
300350.SZ,2024-01-24,5.64,6.59,5.54,5.98,5.74,0.2400000000000002,4.18,1136992.73,682654.887
300350.SZ,2024-01-25,5.83,6.19,5.7,5.98,5.98,0.0,0.0,833794.53,492068.579
300350.SZ,2024-01-26,5.86,6.09,5.58,5.68,5.98,-0.3000000000000007,-5.02,707555.13,411700.422
300350.SZ,2024-01-29,5.68,5.77,5.02,5.02,5.68,-0.6600000000000001,-11.62,625840.8,334883.979
300350.SZ,2024-01-30,4.86,4.93,4.54,4.7,5.02,-0.3199999999999994,-6.37,478891.6,227972.106
300350.SZ,2024-01-31,4.7,4.73,4.24,4.3,4.7,-0.40000000000000036,-8.51,475698.6,211871.279
300350.SZ,2024-02-01,4.18,4.6,4.1,4.41,4.3,0.11000000000000032,2.56,425417.0,186754.024
300350.SZ,2024-02-02,4.38,4.5,4.0,4.15,4.41,-0.2599999999999998,-5.9,406447.0,172314.079
300350.SZ,2024-02-05,4.09,4.09,3.62,3.68,4.15,-0.4700000000000002,-11.33,382096.1,145402.692
300350.SZ,2024-02-06,3.71,3.98,3.63,3.92,3.68,0.23999999999999977,6.52,320151.93,121935.698
300350.SZ,2024-02-07,3.9,3.95,3.72,3.74,3.92,-0.17999999999999972,-4.59,306621.8,117716.413
300350.SZ,2024-02-08,3.73,4.14,3.71,4.09,3.74,0.34999999999999964,9.36,296281.33,116744.468
300350.SZ,2024-02-19,4.1,4.31,4.1,4.22,4.09,0.1299999999999999,3.18,315509.84,132719.403
300350.SZ,2024-02-20,4.15,4.48,4.07,4.32,4.22,0.10000000000000053,2.37,335610.34,143427.284
300350.SZ,2024-02-21,4.24,4.47,4.21,4.37,4.32,0.04999999999999982,1.16,353350.44,154835.442
300350.SZ,2024-02-22,4.35,4.48,4.34,4.46,4.37,0.08999999999999986,2.06,286117.31,126289.886
300350.SZ,2024-02-23,4.46,4.73,4.4,4.63,4.46,0.16999999999999993,3.81,397930.0,180628.493
300350.SZ,2024-02-26,4.78,4.92,4.67,4.7,4.63,0.07000000000000028,1.51,432500.2,206219.299
300350.SZ,2024-02-27,4.75,5.05,4.75,4.94,4.7,0.2400000000000002,5.11,457709.8,224693.259
300350.SZ,2024-02-28,4.91,4.99,4.41,4.42,4.94,-0.5200000000000005,-10.53,540634.73,257285.665
300350.SZ,2024-02-29,4.36,4.59,4.32,4.59,4.42,0.16999999999999993,3.85,308718.47,139400.403
300350.SZ,2024-03-01,4.59,4.66,4.53,4.62,4.59,0.03000000000000025,0.65,252696.07,115989.862
300350.SZ,2024-03-04,4.6,4.85,4.47,4.81,4.62,0.1899999999999995,4.11,410143.4,192482.252
300350.SZ,2024-03-05,4.73,4.77,4.61,4.63,4.81,-0.17999999999999972,-3.74,247415.78,115716.078
300350.SZ,2024-03-06,4.62,4.67,4.52,4.62,4.63,-0.009999999999999787,-0.22,192176.0,88509.5
300350.SZ,2024-03-07,4.62,4.74,4.54,4.56,4.62,-0.0600000000000005,-1.3,203805.73,94594.554
300350.SZ,2024-03-08,4.6,4.71,4.57,4.62,4.56,0.0600000000000005,1.32,160787.43,74343.413
300350.SZ,2024-03-11,4.6,5.03,4.55,4.99,4.62,0.3700000000000001,8.01,573361.35,280634.772
300350.SZ,2024-03-12,4.88,5.03,4.87,4.98,4.99,-0.009999999999999787,-0.2,426944.75,211046.907
300350.SZ,2024-03-13,4.92,5.19,4.92,5.06,4.98,0.07999999999999918,1.61,477071.4,242354.03
300350.SZ,2024-03-14,5.05,5.07,4.85,4.95,5.06,-0.10999999999999943,-2.17,307405.43,152115.511
300350.SZ,2024-03-15,4.89,4.95,4.84,4.94,4.95,-0.009999999999999787,-0.2,227978.0,111595.766
300350.SZ,2024-03-18,4.91,5.06,4.9,5.03,4.94,0.08999999999999986,1.82,275693.07,136802.583
300350.SZ,2024-03-19,5.01,5.05,4.94,4.95,5.03,-0.08000000000000007,-1.59,216169.0,107753.456
300350.SZ,2024-03-20,4.94,5.17,4.94,5.15,4.95,0.20000000000000018,4.04,398571.2,202803.045
300350.SZ,2024-03-21,5.13,5.58,5.02,5.41,5.15,0.2599999999999998,5.05,577263.86,304005.627
300350.SZ,2024-03-22,5.31,5.35,5.18,5.27,5.41,-0.14000000000000057,-2.59,397014.38,208847.026
300350.SZ,2024-03-25,5.21,5.38,5.04,5.07,5.27,-0.1999999999999993,-3.8,328449.8,171990.877
300350.SZ,2024-03-26,5.03,5.14,4.91,5.14,5.07,0.0699999999999994,1.38,259049.23,130291.048
300350.SZ,2024-03-27,5.12,5.55,4.93,5.24,5.14,0.10000000000000053,1.95,493445.02,258278.556
300350.SZ,2024-03-28,5.28,5.69,5.28,5.5,5.24,0.2599999999999998,4.96,653850.8,359241.579
300350.SZ,2024-03-29,5.42,5.89,5.36,5.65,5.5,0.15000000000000036,2.73,653661.66,366446.102
300350.SZ,2024-04-01,5.58,5.84,5.56,5.63,5.65,-0.020000000000000462,-0.35,462657.25,261646.908
300350.SZ,2024-04-02,5.59,5.6,5.4,5.48,5.63,-0.14999999999999947,-2.66,360668.2,197961.127
300350.SZ,2024-04-03,5.46,5.54,5.36,5.38,5.48,-0.10000000000000053,-1.82,242543.48,132222.384
300350.SZ,2024-04-08,5.31,5.69,5.18,5.65,5.38,0.27000000000000046,5.02,464957.8,255016.292
300350.SZ,2024-04-09,5.56,5.65,5.48,5.56,5.65,-0.09000000000000075,-1.59,282377.96,156614.113
300350.SZ,2024-04-10,5.57,5.57,5.27,5.31,5.56,-0.25,-4.5,245443.2,131767.605
300350.SZ,2024-04-11,5.22,5.37,5.11,5.11,5.31,-0.1999999999999993,-3.77,220796.0,115694.206
300350.SZ,2024-04-12,5.14,5.24,4.96,4.96,5.11,-0.15000000000000036,-2.94,216665.0,110033.363
300350.SZ,2024-04-15,5.03,5.1,4.5,4.64,4.96,-0.3200000000000003,-6.45,288138.0,137164.658
300350.SZ,2024-04-16,4.55,4.59,4.16,4.19,4.64,-0.4499999999999993,-9.7,271266.63,117076.693
300350.SZ,2024-04-17,4.3,4.6,4.3,4.59,4.19,0.39999999999999947,9.55,266073.6,119445.27
300350.SZ,2024-04-18,4.57,4.63,4.46,4.52,4.59,-0.07000000000000028,-1.53,184876.6,83898.014
300350.SZ,2024-04-19,4.49,4.95,4.47,4.79,4.52,0.27000000000000046,5.97,364826.4,173728.05
300350.SZ,2024-04-22,4.79,5.12,4.77,4.88,4.79,0.08999999999999986,1.88,321174.8,158815.249
300350.SZ,2024-04-23,4.87,5.35,4.75,5.08,4.88,0.20000000000000018,4.1,407320.0,207091.417
300350.SZ,2024-04-24,4.98,5.45,4.95,5.28,5.08,0.20000000000000018,3.94,430920.24,224236.039
300350.SZ,2024-04-25,5.35,6.26,5.32,5.84,5.28,0.5599999999999996,10.61,954256.89,538865.719
300350.SZ,2024-04-26,5.87,6.13,5.65,5.71,5.84,-0.1299999999999999,-2.23,1006800.32,592093.389
300350.SZ,2024-04-29,5.7,6.08,5.64,5.85,5.71,0.13999999999999968,2.45,818459.27,479758.915
300350.SZ,2024-04-30,5.73,6.15,5.7,5.84,5.85,-0.009999999999999787,-0.17,767869.44,456377.666
300350.SZ,2024-05-06,5.8,5.85,5.62,5.65,5.84,-0.1899999999999995,-3.25,601550.72,342944.588
300350.SZ,2024-05-07,5.68,5.76,5.58,5.65,5.65,0.0,0.0,399800.6,226721.978
300350.SZ,2024-05-08,5.63,5.84,5.54,5.65,5.65,0.0,0.0,452251.19,258724.531
300350.SZ,2024-05-09,5.57,5.75,5.52,5.68,5.65,0.02999999999999936,0.53,391541.52,220170.987
300350.SZ,2024-05-10,5.62,5.67,5.42,5.47,5.68,-0.20999999999999996,-3.7,373467.46,205648.097
300350.SZ,2024-05-13,5.39,5.42,5.26,5.27,5.47,-0.20000000000000018,-3.66,253928.0,135072.082
300350.SZ,2024-05-14,5.33,5.42,5.31,5.36,5.27,0.09000000000000075,1.71,177275.0,95002.409
300350.SZ,2024-05-15,5.36,5.55,5.27,5.41,5.36,0.04999999999999982,0.93,305176.8,165844.163
300350.SZ,2024-05-16,5.42,5.62,5.42,5.53,5.41,0.1200000000000001,2.22,342128.0,189387.783
300350.SZ,2024-05-17,5.57,5.73,5.44,5.64,5.53,0.10999999999999943,1.99,352120.2,197218.515
300350.SZ,2024-05-20,5.58,5.63,5.42,5.47,5.64,-0.16999999999999993,-3.01,333713.76,183868.042
300350.SZ,2024-05-21,5.42,5.44,5.26,5.32,5.47,-0.14999999999999947,-2.74,256638.75,136603.586
300350.SZ,2024-05-22,5.36,5.38,5.2,5.23,5.32,-0.08999999999999986,-1.69,206703.0,109108.784
300350.SZ,2024-05-23,5.2,5.44,5.19,5.25,5.23,0.019999999999999574,0.38,305540.14,161567.448
300350.SZ,2024-05-24,5.2,5.21,4.99,4.99,5.25,-0.2599999999999998,-4.95,294141.8,148776.318
300350.SZ,2024-05-27,5.13,5.19,5.05,5.09,4.99,0.09999999999999964,2.0,255094.0,130612.987
300350.SZ,2024-05-28,5.03,5.04,4.86,4.91,5.09,-0.17999999999999972,-3.54,242113.59,119270.664
300350.SZ,2024-05-29,4.88,4.94,4.83,4.9,4.91,-0.009999999999999787,-0.2,160433.79,78347.546
300350.SZ,2024-05-30,4.88,4.98,4.82,4.9,4.9,0.0,0.0,165822.0,81213.365
300350.SZ,2024-05-31,4.88,5.0,4.87,4.98,4.9,0.08000000000000007,1.63,153086.56,75879.56
300350.SZ,2024-06-03,4.99,5.03,4.73,4.8,4.98,-0.1800000000000006,-3.61,192900.56,93665.587
300350.SZ,2024-06-04,4.74,4.76,4.62,4.7,4.8,-0.09999999999999964,-2.08,158814.0,74285.573
300350.SZ,2024-06-05,4.7,4.74,4.59,4.6,4.7,-0.10000000000000053,-2.13,109916.0,51352.854
300350.SZ,2024-06-06,4.6,4.66,4.33,4.44,4.6,-0.15999999999999925,-3.48,207317.43,92294.704
300350.SZ,2024-06-07,4.5,4.58,4.48,4.57,4.44,0.1299999999999999,2.93,131806.5,59852.16
300350.SZ,2024-06-11,4.54,4.65,4.48,4.64,4.57,0.0699999999999994,1.53,122400.7,56001.811
300350.SZ,2024-06-12,4.66,4.71,4.63,4.7,4.64,0.0600000000000005,1.29,124663.84,58305.033
300350.SZ,2024-06-13,4.73,4.73,4.59,4.6,4.7,-0.10000000000000053,-2.13,119186.84,55198.877
300350.SZ,2024-06-14,4.56,4.66,4.52,4.63,4.6,0.03000000000000025,0.65,107468.79,49684.751
300350.SZ,2024-06-17,4.65,4.65,4.54,4.55,4.63,-0.08000000000000007,-1.73,92983.0,42496.117
300350.SZ,2024-06-18,4.55,4.77,4.54,4.74,4.55,0.1900000000000004,4.18,193470.4,90780.006
300350.SZ,2024-06-19,4.74,4.85,4.71,4.76,4.74,0.019999999999999574,0.42,185778.0,88811.035
300350.SZ,2024-06-20,4.78,4.79,4.55,4.56,4.76,-0.20000000000000018,-4.2,146776.0,68152.508
300350.SZ,2024-06-21,4.56,4.66,4.52,4.58,4.56,0.020000000000000462,0.44,86850.0,39932.532
300350.SZ,2024-06-24,4.55,4.56,4.37,4.4,4.58,-0.17999999999999972,-3.93,131186.0,58040.791
300350.SZ,2024-06-25,4.4,4.46,4.33,4.36,4.4,-0.040000000000000036,-0.91,84745.0,37190.939
300350.SZ,2024-06-26,4.33,4.51,4.27,4.5,4.36,0.13999999999999968,3.21,104024.0,45859.81
300350.SZ,2024-06-27,4.48,4.95,4.44,4.67,4.5,0.16999999999999993,3.78,270567.5,126664.566
300350.SZ,2024-06-28,4.62,4.85,4.6,4.72,4.67,0.04999999999999982,1.07,213752.41,100868.785
300350.SZ,2024-07-01,4.66,4.75,4.65,4.73,4.72,0.010000000000000675,0.21,127506.8,60027.177
300350.SZ,2024-07-02,4.73,4.84,4.7,4.74,4.73,0.009999999999999787,0.21,163305.66,77813.213
300350.SZ,2024-07-03,4.7,4.74,4.62,4.63,4.74,-0.11000000000000032,-2.32,136435.49,63652.175
300350.SZ,2024-07-04,4.6,4.65,4.42,4.44,4.63,-0.1899999999999995,-4.1,134131.0,60401.496
300350.SZ,2024-07-05,4.44,4.55,4.36,4.54,4.44,0.09999999999999964,2.25,89894.53,40276.386
300350.SZ,2024-07-08,4.52,4.54,4.3,4.33,4.54,-0.20999999999999996,-4.63,96113.0,42113.44
300350.SZ,2024-07-09,4.36,4.48,4.3,4.47,4.33,0.13999999999999968,3.23,119187.4,52479.843
300350.SZ,2024-07-10,4.43,4.58,4.41,4.45,4.47,-0.019999999999999574,-0.45,108268.4,48777.821
300350.SZ,2024-07-11,4.53,4.6,4.5,4.6,4.45,0.14999999999999947,3.37,121077.6,55187.249
300350.SZ,2024-07-12,4.57,4.62,4.51,4.54,4.6,-0.05999999999999961,-1.3,89015.4,40621.647
300350.SZ,2024-07-15,4.58,4.85,4.5,4.7,4.54,0.16000000000000014,3.52,200739.02,93470.746
300350.SZ,2024-07-16,4.63,4.7,4.6,4.69,4.7,-0.009999999999999787,-0.21,136755.0,63446.822
300350.SZ,2024-07-17,4.67,4.68,4.5,4.5,4.69,-0.1900000000000004,-4.05,126396.19,57729.372
300350.SZ,2024-07-18,4.4,4.47,4.35,4.43,4.5,-0.07000000000000028,-1.56,104719.0,46118.216
300350.SZ,2024-07-19,4.47,4.73,4.44,4.64,4.43,0.20999999999999996,4.74,205010.19,94194.051
300350.SZ,2024-07-22,4.6,4.89,4.57,4.77,4.64,0.1299999999999999,2.8,282587.19,134745.815
300350.SZ,2024-07-23,4.73,5.04,4.7,4.8,4.77,0.03000000000000025,0.63,393357.13,192839.028
300350.SZ,2024-07-24,4.7,5.05,4.67,4.91,4.8,0.11000000000000032,2.29,378619.73,183868.896
300350.SZ,2024-07-25,4.8,5.09,4.71,5.08,4.91,0.16999999999999993,3.46,458113.11,225748.617
300350.SZ,2024-07-26,5.05,5.06,4.93,4.96,5.08,-0.1200000000000001,-2.36,317415.0,158466.446
300350.SZ,2024-07-29,4.91,4.97,4.83,4.89,4.96,-0.07000000000000028,-1.41,224265.4,109816.118
300350.SZ,2024-07-30,4.89,5.14,4.89,5.13,4.89,0.2400000000000002,4.91,411850.76,208264.332
300350.SZ,2024-07-31,5.04,5.12,5.02,5.09,5.13,-0.040000000000000036,-0.78,358011.6,181614.658
300350.SZ,2024-08-01,5.05,5.09,5.0,5.03,5.09,-0.05999999999999961,-1.18,222897.0,112337.703
300350.SZ,2024-08-02,4.98,5.01,4.8,4.81,5.03,-0.22000000000000064,-4.37,246680.0,120928.973
300350.SZ,2024-08-05,4.78,4.88,4.6,4.61,4.81,-0.1999999999999993,-4.16,223691.16,106641.128
300350.SZ,2024-08-06,4.67,4.72,4.61,4.69,4.61,0.08000000000000007,1.74,156933.83,73221.617
300350.SZ,2024-08-07,4.67,4.74,4.65,4.69,4.69,0.0,0.0,128155.0,60203.172
300350.SZ,2024-08-08,4.65,4.66,4.48,4.59,4.69,-0.10000000000000053,-2.13,159400.7,72612.046
300350.SZ,2024-08-09,4.63,4.64,4.54,4.55,4.59,-0.040000000000000036,-0.87,90533.0,41563.162
300350.SZ,2024-08-12,4.55,4.7,4.45,4.63,4.55,0.08000000000000007,1.76,145272.4,66430.704
300350.SZ,2024-08-13,4.59,4.64,4.55,4.63,4.63,0.0,0.0,90179.0,41451.113
300350.SZ,2024-08-14,4.64,4.68,4.6,4.6,4.63,-0.03000000000000025,-0.65,92599.0,43000.251
300350.SZ,2024-08-15,4.57,4.69,4.52,4.67,4.6,0.07000000000000028,1.52,104733.58,48475.535
300350.SZ,2024-08-16,4.68,4.71,4.61,4.61,4.67,-0.05999999999999961,-1.28,87756.0,40900.735
300350.SZ,2024-08-19,4.61,4.66,4.57,4.61,4.61,0.0,0.0,72684.28,33561.483
300350.SZ,2024-08-20,4.59,4.62,4.46,4.47,4.61,-0.14000000000000057,-3.04,106974.5,48236.185
300350.SZ,2024-08-21,4.48,4.53,4.46,4.5,4.47,0.03000000000000025,0.67,57566.8,25896.309
300350.SZ,2024-08-22,4.51,4.52,4.39,4.39,4.5,-0.11000000000000032,-2.44,71810.0,31877.616
300350.SZ,2024-08-23,4.4,4.44,4.34,4.41,4.39,0.020000000000000462,0.46,64938.2,28533.06
300350.SZ,2024-08-26,4.42,4.46,4.37,4.44,4.41,0.03000000000000025,0.68,61441.45,27197.773
300350.SZ,2024-08-27,4.43,4.44,4.29,4.3,4.44,-0.14000000000000057,-3.15,72733.0,31555.868
300350.SZ,2024-08-28,4.27,4.37,4.25,4.35,4.3,0.04999999999999982,1.16,64742.0,27930.679
300350.SZ,2024-08-29,4.3,4.45,4.28,4.41,4.35,0.0600000000000005,1.38,102743.8,44832.941
300350.SZ,2024-08-30,4.4,4.56,4.39,4.49,4.41,0.08000000000000007,1.81,128784.0,58042.64
300350.SZ,2024-09-02,4.48,4.57,4.44,4.44,4.49,-0.04999999999999982,-1.11,103623.0,46670.37
300350.SZ,2024-09-03,4.42,4.51,4.4,4.48,4.44,0.040000000000000036,0.9,66704.8,29769.284
300350.SZ,2024-09-04,4.44,4.51,4.41,4.49,4.48,0.009999999999999787,0.22,75533.0,33766.297
300350.SZ,2024-09-05,4.5,4.59,4.5,4.56,4.49,0.0699999999999994,1.56,95410.84,43349.356
300350.SZ,2024-09-06,4.55,4.65,4.5,4.5,4.56,-0.05999999999999961,-1.32,133801.0,61074.351
300350.SZ,2024-09-09,4.46,4.53,4.39,4.48,4.5,-0.019999999999999574,-0.44,74483.0,33251.291
300350.SZ,2024-09-10,4.47,4.5,4.38,4.47,4.48,-0.010000000000000675,-0.22,79542.0,35273.584
300350.SZ,2024-09-11,4.46,4.46,4.39,4.4,4.47,-0.0699999999999994,-1.57,62939.0,27793.754
300350.SZ,2024-09-12,4.44,4.45,4.35,4.35,4.4,-0.05000000000000071,-1.14,53505.09,23546.835
300350.SZ,2024-09-13,4.38,4.39,4.3,4.3,4.35,-0.04999999999999982,-1.15,51907.45,22462.765
300350.SZ,2024-09-18,4.3,4.31,4.16,4.27,4.3,-0.03000000000000025,-0.7,69533.0,29392.909
300350.SZ,2024-09-19,4.29,4.41,4.26,4.38,4.27,0.11000000000000032,2.58,70326.0,30655.248
300350.SZ,2024-09-20,4.39,4.4,4.31,4.35,4.38,-0.03000000000000025,-0.68,59974.8,26099.478
300350.SZ,2024-09-23,4.36,4.39,4.3,4.36,4.35,0.010000000000000675,0.23,53337.6,23215.882
300350.SZ,2024-09-24,4.36,4.5,4.36,4.5,4.36,0.13999999999999968,3.21,113009.6,50185.196
300350.SZ,2024-09-25,4.52,4.64,4.52,4.55,4.5,0.04999999999999982,1.11,164640.0,75404.541
300350.SZ,2024-09-26,4.53,4.65,4.51,4.65,4.55,0.10000000000000053,2.2,156402.0,71729.401
300350.SZ,2024-09-27,4.71,4.94,4.66,4.86,4.65,0.20999999999999996,4.52,268634.04,128837.567
300350.SZ,2024-09-30,5.0,5.63,4.94,5.56,4.86,0.6999999999999993,14.4,583109.03,307927.159
300350.SZ,2024-10-08,6.66,6.66,5.87,6.28,5.56,0.7200000000000006,12.95,802598.53,499032.612
300350.SZ,2024-10-09,5.98,6.0,5.35,5.35,6.28,-0.9300000000000006,-14.81,522485.61,297285.597
300350.SZ,2024-10-10,5.52,5.65,5.32,5.56,5.35,0.20999999999999996,3.93,367322.01,202890.072
300350.SZ,2024-10-11,5.49,5.52,5.22,5.28,5.56,-0.27999999999999936,-5.04,268147.64,143477.3
300350.SZ,2024-10-14,5.31,5.54,5.3,5.51,5.28,0.22999999999999954,4.36,255350.71,138685.652
300350.SZ,2024-10-15,5.47,5.75,5.41,5.53,5.51,0.020000000000000462,0.36,318676.19,178037.242
300350.SZ,2024-10-16,5.4,5.66,5.38,5.56,5.53,0.02999999999999936,0.54,230798.66,128593.495
300350.SZ,2024-10-17,5.7,5.97,5.7,5.79,5.56,0.23000000000000043,4.14,448212.2,259739.237
300350.SZ,2024-10-18,5.72,5.98,5.67,5.85,5.79,0.05999999999999961,1.04,492166.18,286785.991
300350.SZ,2024-10-21,6.1,6.19,5.9,6.03,5.85,0.1800000000000006,3.08,607899.77,367437.596
300350.SZ,2024-10-22,5.91,6.08,5.82,5.88,6.03,-0.15000000000000036,-2.49,426879.38,251767.946
300350.SZ,2024-10-23,5.83,5.97,5.77,5.82,5.88,-0.05999999999999961,-1.02,344839.8,201965.27
300350.SZ,2024-10-24,5.78,5.84,5.72,5.81,5.82,-0.010000000000000675,-0.17,205793.0,118977.606
300350.SZ,2024-10-25,6.06,6.16,5.95,6.0,5.81,0.1900000000000004,3.27,465513.0,281325.476
300350.SZ,2024-10-28,5.91,6.15,5.91,6.11,6.0,0.11000000000000032,1.83,393187.63,238617.768
300350.SZ,2024-10-29,6.1,6.21,5.91,5.93,6.11,-0.1800000000000006,-2.95,369883.68,223544.218
300350.SZ,2024-10-30,5.72,5.84,5.67,5.8,5.93,-0.1299999999999999,-2.19,310842.6,179175.791
300350.SZ,2024-10-31,5.8,5.97,5.75,5.92,5.8,0.1200000000000001,2.07,246374.2,145346.792
300350.SZ,2024-11-01,5.9,5.96,5.54,5.58,5.92,-0.33999999999999986,-5.74,290840.51,165318.945
300350.SZ,2024-11-04,5.58,5.68,5.55,5.64,5.58,0.05999999999999961,1.08,133456.0,75130.474
300350.SZ,2024-11-05,5.66,5.84,5.61,5.8,5.64,0.16000000000000014,2.84,192691.6,111089.07
300350.SZ,2024-11-06,5.78,6.08,5.78,5.99,5.8,0.1900000000000004,3.28,357753.6,212767.801
300350.SZ,2024-11-07,6.05,7.19,5.96,6.91,5.99,0.9199999999999999,15.36,1369070.27,930093.529
300350.SZ,2024-11-08,6.7,6.85,6.52,6.56,6.91,-0.35000000000000053,-5.07,989227.59,659029.102
300350.SZ,2024-11-11,6.45,6.59,6.43,6.57,6.56,0.010000000000000675,0.15,510852.22,332449.578
300350.SZ,2024-11-12,6.54,6.57,6.32,6.41,6.57,-0.16000000000000014,-2.44,435916.62,280011.273
300350.SZ,2024-11-13,6.37,6.63,6.33,6.4,6.41,-0.009999999999999787,-0.16,399364.14,258204.373
300350.SZ,2024-11-14,6.36,6.41,6.14,6.16,6.4,-0.2400000000000002,-3.75,291718.8,182285.291
300350.SZ,2024-11-15,6.09,6.33,6.09,6.1,6.16,-0.0600000000000005,-0.97,255270.42,158300.759
300350.SZ,2024-11-18,6.16,6.22,5.71,5.75,6.1,-0.34999999999999964,-5.74,269345.02,157438.254
300350.SZ,2024-11-19,5.8,5.92,5.68,5.92,5.75,0.16999999999999993,2.96,198507.3,115239.518
300350.SZ,2024-11-20,5.88,6.15,5.87,6.14,5.92,0.21999999999999975,3.72,246391.6,148871.413
300350.SZ,2024-11-21,6.1,6.26,6.04,6.18,6.14,0.040000000000000036,0.65,232579.2,142853.042
300350.SZ,2024-11-22,6.17,6.3,5.86,5.89,6.18,-0.29000000000000004,-4.69,331964.0,203385.667
300350.SZ,2024-11-25,5.9,6.09,5.74,6.08,5.89,0.1900000000000004,3.23,264691.24,157598.522
300350.SZ,2024-11-26,6.07,6.56,6.05,6.31,6.08,0.22999999999999954,3.78,629633.64,396819.168
300350.SZ,2024-11-27,6.16,6.49,5.86,6.47,6.31,0.16000000000000014,2.54,569832.93,357160.816
300350.SZ,2024-11-28,6.95,6.95,6.45,6.46,6.47,-0.009999999999999787,-0.15,893866.79,598098.621
300350.SZ,2024-11-29,6.41,6.94,6.41,6.64,6.46,0.17999999999999972,2.79,808018.59,539342.706
300350.SZ,2024-12-02,6.55,6.84,6.55,6.71,6.64,0.07000000000000028,1.05,640053.1,428712.937
300350.SZ,2024-12-03,6.68,7.49,6.65,6.87,6.71,0.16000000000000014,2.38,943347.4,659628.951
300350.SZ,2024-12-04,6.55,6.66,6.44,6.5,6.87,-0.3700000000000001,-5.39,605703.0,397334.002
300350.SZ,2024-12-05,6.48,6.56,6.43,6.51,6.5,0.009999999999999787,0.15,335830.8,218394.75
300350.SZ,2024-12-06,6.52,6.63,6.39,6.57,6.51,0.0600000000000005,0.92,332436.8,216822.361
300350.SZ,2024-12-09,6.56,6.62,6.36,6.46,6.57,-0.11000000000000032,-1.67,249740.13,161712.871
300350.SZ,2024-12-10,6.64,6.83,6.56,6.65,6.46,0.1900000000000004,2.94,493737.6,330457.29
300350.SZ,2024-12-11,6.6,6.83,6.6,6.72,6.65,0.0699999999999994,1.05,297495.16,199428.62
300350.SZ,2024-12-12,6.68,6.96,6.67,6.91,6.72,0.1900000000000004,2.83,522435.16,357984.833
300350.SZ,2024-12-13,6.84,6.84,6.69,6.7,6.91,-0.20999999999999996,-3.04,377576.4,255239.776
300350.SZ,2024-12-16,6.65,6.72,6.47,6.55,6.7,-0.15000000000000036,-2.24,274635.0,180592.618
300350.SZ,2024-12-17,6.5,6.55,6.1,6.15,6.55,-0.39999999999999947,-6.11,302568.6,188681.623
300350.SZ,2024-12-18,6.12,6.21,5.98,6.09,6.15,-0.0600000000000005,-0.98,198136.0,121053.835
300350.SZ,2024-12-19,6.01,6.16,5.97,6.16,6.09,0.07000000000000028,1.15,175625.2,106760.322
300350.SZ,2024-12-20,6.2,6.44,6.15,6.23,6.16,0.07000000000000028,1.14,237887.2,149525.13
300350.SZ,2024-12-23,6.18,6.25,5.67,5.69,6.23,-0.54,-8.67,332890.6,195669.536
300350.SZ,2024-12-24,5.73,5.81,5.57,5.66,5.69,-0.03000000000000025,-0.53,193232.84,109575.909
300350.SZ,2024-12-25,5.64,5.69,5.36,5.49,5.66,-0.16999999999999993,-3.0,208106.0,113950.987
300350.SZ,2024-12-26,5.47,5.67,5.47,5.58,5.49,0.08999999999999986,1.64,143731.0,80377.319
300350.SZ,2024-12-27,5.56,5.88,5.55,5.7,5.58,0.1200000000000001,2.15,193662.0,110707.332
300350.SZ,2024-12-30,5.7,5.7,5.5,5.57,5.7,-0.1299999999999999,-2.28,138911.0,77298.938
300350.SZ,2024-12-31,5.58,5.67,5.4,5.4,5.57,-0.16999999999999993,-3.05,148239.4,81815.288
300350.SZ,2025-01-02,5.37,5.56,5.25,5.34,5.4,-0.0600000000000005,-1.11,156377.91,84661.255
300350.SZ,2025-01-03,5.34,5.5,5.08,5.08,5.34,-0.2599999999999998,-4.87,229170.51,119128.059
300350.SZ,2025-01-06,5.05,5.14,4.86,5.05,5.08,-0.03000000000000025,-0.59,140533.47,70636.613
300350.SZ,2025-01-07,5.04,5.25,5.03,5.21,5.05,0.16000000000000014,3.17,153442.33,78926.975
300350.SZ,2025-01-08,5.18,5.25,5.0,5.18,5.21,-0.03000000000000025,-0.58,150882.87,77549.27
300350.SZ,2025-01-09,5.14,5.23,5.11,5.2,5.18,0.020000000000000462,0.39,100830.0,52316.945
300350.SZ,2025-01-10,5.16,5.21,4.95,4.96,5.2,-0.2400000000000002,-4.62,108931.8,55378.126
300350.SZ,2025-01-13,4.9,5.02,4.75,5.02,4.96,0.05999999999999961,1.21,108732.0,53491.266
300350.SZ,2025-01-14,5.04,5.31,5.02,5.31,5.02,0.29000000000000004,5.78,156785.0,81854.239
300350.SZ,2025-01-15,5.31,5.36,5.24,5.27,5.31,-0.040000000000000036,-0.75,108396.0,57416.634
300350.SZ,2025-01-16,5.3,5.39,5.21,5.3,5.27,0.03000000000000025,0.57,112442.0,59633.477
300350.SZ,2025-01-17,5.25,5.31,5.21,5.25,5.3,-0.04999999999999982,-0.94,96936.8,50932.877
300350.SZ,2025-01-20,5.3,5.36,5.21,5.32,5.25,0.07000000000000028,1.33,124755.6,66241.17
300350.SZ,2025-01-21,5.34,5.36,5.15,5.22,5.32,-0.10000000000000053,-1.88,128248.4,66820.103
300350.SZ,2025-01-22,5.17,5.2,5.06,5.1,5.22,-0.1200000000000001,-2.3,93918.2,47965.206
300350.SZ,2025-01-23,5.16,5.3,5.12,5.12,5.1,0.020000000000000462,0.39,126143.0,65909.898
300350.SZ,2025-01-24,5.1,5.19,5.02,5.18,5.12,0.05999999999999961,1.17,138671.24,70593.802
300350.SZ,2025-01-27,5.26,5.31,5.09,5.09,5.18,-0.08999999999999986,-1.74,118038.8,61455.288
300350.SZ,2025-02-05,5.1,5.27,5.1,5.25,5.09,0.16000000000000014,3.14,114933.8,59915.629
300350.SZ,2025-02-06,5.23,5.36,5.19,5.36,5.25,0.11000000000000032,2.1,124588.0,65871.304
300350.SZ,2025-02-07,5.36,5.48,5.33,5.41,5.36,0.04999999999999982,0.93,142148.44,76910.739
300350.SZ,2025-02-10,5.4,5.54,5.4,5.54,5.41,0.1299999999999999,2.4,149649.0,82231.255
300350.SZ,2025-02-11,5.55,5.57,5.42,5.48,5.54,-0.05999999999999961,-1.08,127347.0,69551.016
300350.SZ,2025-02-12,5.46,5.51,5.42,5.48,5.48,0.0,0.0,120781.8,66047.287
300350.SZ,2025-02-13,5.5,5.53,5.44,5.46,5.48,-0.020000000000000462,-0.36,138591.0,76084.529
300350.SZ,2025-02-14,5.44,5.62,5.42,5.55,5.46,0.08999999999999986,1.65,186945.4,103600.42
300350.SZ,2025-02-17,5.62,5.74,5.6,5.65,5.55,0.10000000000000053,1.8,203167.23,114987.012
300350.SZ,2025-02-18,5.62,5.68,5.35,5.37,5.65,-0.28000000000000025,-4.96,189707.4,104291.18
300350.SZ,2025-02-19,5.37,5.49,5.37,5.46,5.37,0.08999999999999986,1.68,134210.2,73025.326
300350.SZ,2025-02-20,5.45,5.5,5.38,5.48,5.46,0.020000000000000462,0.37,130268.0,70961.933
300350.SZ,2025-02-21,5.45,5.51,5.35,5.5,5.48,0.019999999999999574,0.36,166767.11,90517.369
300350.SZ,2025-02-24,5.45,5.65,5.43,5.57,5.5,0.07000000000000028,1.27,216835.8,120014.404
300350.SZ,2025-02-25,5.49,5.6,5.43,5.53,5.57,-0.040000000000000036,-0.72,149818.51,82709.89
300350.SZ,2025-02-26,5.53,5.61,5.5,5.61,5.53,0.08000000000000007,1.45,162502.6,90396.971
300350.SZ,2025-02-27,5.58,5.65,5.43,5.56,5.61,-0.05000000000000071,-0.89,170468.0,94475.548
300350.SZ,2025-02-28,5.51,5.53,5.3,5.33,5.56,-0.22999999999999954,-4.14,165955.4,89812.275
300350.SZ,2025-03-03,5.36,5.51,5.31,5.37,5.33,0.040000000000000036,0.75,143896.6,78065.582
300350.SZ,2025-03-04,5.33,5.47,5.31,5.46,5.37,0.08999999999999986,1.68,107711.95,58359.769
300350.SZ,2025-03-05,5.44,5.44,5.26,5.36,5.46,-0.09999999999999964,-1.83,147914.84,78777.894
300350.SZ,2025-03-06,5.36,5.5,5.3,5.5,5.36,0.13999999999999968,2.61,168480.6,91694.765
300350.SZ,2025-03-07,5.47,5.5,5.36,5.39,5.5,-0.11000000000000032,-2.0,137767.0,74762.75
300350.SZ,2025-03-10,5.43,5.44,5.31,5.35,5.39,-0.040000000000000036,-0.74,114207.4,61250.973
300350.SZ,2025-03-11,5.28,5.56,5.26,5.52,5.35,0.16999999999999993,3.18,292505.2,159105.845
300350.SZ,2025-03-12,5.51,5.74,5.51,5.64,5.52,0.1200000000000001,2.17,317650.82,179346.734
300350.SZ,2025-03-13,5.6,5.64,5.39,5.5,5.64,-0.13999999999999968,-2.48,215107.07,118141.307
300350.SZ,2025-03-14,5.49,5.67,5.46,5.66,5.5,0.16000000000000014,2.91,214785.4,119933.254
300350.SZ,2025-03-17,5.65,5.77,5.63,5.68,5.66,0.019999999999999574,0.35,223629.26,127639.305
300350.SZ,2025-03-18,5.69,5.82,5.63,5.75,5.68,0.07000000000000028,1.23,241795.06,138548.856
300350.SZ,2025-03-19,5.69,5.75,5.6,5.64,5.75,-0.11000000000000032,-1.91,157233.0,88918.905
300350.SZ,2025-03-20,5.63,5.73,5.61,5.65,5.64,0.010000000000000675,0.18,140013.0,79320.232
300350.SZ,2025-03-21,5.6,5.7,5.54,5.58,5.65,-0.07000000000000028,-1.24,164737.07,92338.092
300350.SZ,2025-03-24,5.57,5.63,5.2,5.36,5.58,-0.21999999999999975,-3.94,198736.51,107323.255
300350.SZ,2025-03-25,5.35,5.54,5.3,5.4,5.36,0.040000000000000036,0.75,141423.0,76632.425
300350.SZ,2025-03-26,5.38,5.52,5.36,5.46,5.4,0.05999999999999961,1.11,112029.0,61261.241
300350.SZ,2025-03-27,5.44,5.45,5.31,5.39,5.46,-0.07000000000000028,-1.28,108325.6,58354.416
300350.SZ,2025-03-28,5.37,5.4,5.25,5.28,5.39,-0.10999999999999943,-2.04,106101.0,56375.55
300350.SZ,2025-03-31,5.2,5.24,5.05,5.14,5.28,-0.14000000000000057,-2.65,140658.0,71994.88
300350.SZ,2025-04-01,5.19,5.29,5.18,5.22,5.14,0.08000000000000007,1.56,105911.8,55611.394
300350.SZ,2025-04-02,5.23,5.32,5.18,5.2,5.22,-0.019999999999999574,-0.38,77695.0,40727.387
300350.SZ,2025-04-03,5.16,5.85,5.13,5.73,5.2,0.5300000000000002,10.19,565091.6,316136.053
300350.SZ,2025-04-07,5.49,5.67,4.72,4.95,5.73,-0.7800000000000002,-13.61,593410.58,316411.103
300350.SZ,2025-04-08,4.93,5.84,4.86,5.7,4.95,0.75,15.15,635450.8,342213.582
300350.SZ,2025-04-09,5.69,6.46,5.36,6.27,5.7,0.5699999999999994,10.0,957682.32,559121.436
300350.SZ,2025-04-10,6.05,6.92,5.91,6.25,6.27,-0.019999999999999574,-0.32,1189944.63,769301.691
300350.SZ,2025-04-11,6.25,6.55,5.98,6.05,6.25,-0.20000000000000018,-3.2,900783.23,560853.083
300350.SZ,2025-04-14,6.0,6.19,5.93,5.96,6.05,-0.08999999999999986,-1.49,650056.2,393836.428
300350.SZ,2025-04-15,6.08,6.91,5.87,6.61,5.96,0.6500000000000004,10.91,1368435.42,881116.195
300350.SZ,2025-04-16,6.5,6.88,6.17,6.26,6.61,-0.35000000000000053,-5.3,1206208.4,788653.956
300350.SZ,2025-04-17,6.1,6.42,5.84,6.38,6.26,0.1200000000000001,1.92,921352.21,561704.703
300350.SZ,2025-04-18,6.14,6.19,5.8,5.8,6.38,-0.5800000000000001,-9.09,673706.03,403657.306
300350.SZ,2025-04-21,5.75,6.02,5.7,5.94,5.8,0.14000000000000057,2.41,403506.28,238252.595
300350.SZ,2025-04-22,5.95,7.13,5.95,7.13,5.94,1.1899999999999995,20.03,747416.98,522385.227
300350.SZ,2025-04-23,7.49,7.49,6.69,6.72,7.13,-0.41000000000000014,-5.75,1646600.67,1160100.494
300350.SZ,2025-04-24,6.83,6.88,6.28,6.36,6.72,-0.35999999999999943,-5.36,968765.39,627921.507
300350.SZ,2025-04-25,6.47,6.55,6.21,6.25,6.36,-0.11000000000000032,-1.73,678051.11,429971.916
300350.SZ,2025-04-28,6.2,6.23,5.85,5.9,6.25,-0.34999999999999964,-5.6,618938.78,370308.969
300350.SZ,2025-04-29,5.77,5.98,5.61,5.76,5.9,-0.14000000000000057,-2.37,484031.6,279320.541
300350.SZ,2025-04-30,5.79,5.85,5.62,5.64,5.76,-0.1200000000000001,-2.08,392526.8,225143.269
300350.SZ,2025-05-06,5.68,6.04,5.68,6.04,5.64,0.40000000000000036,7.09,555220.18,328099.831
300350.SZ,2025-05-07,6.16,6.28,6.0,6.05,6.04,0.009999999999999787,0.17,532307.31,324048.569
300350.SZ,2025-05-08,6.08,6.14,5.97,6.06,6.05,0.009999999999999787,0.17,329751.78,199937.726
300350.SZ,2025-05-09,6.06,6.13,5.89,6.0,6.06,-0.05999999999999961,-0.99,356720.4,213945.358
300350.SZ,2025-05-12,6.1,6.17,6.0,6.16,6.0,0.16000000000000014,2.67,362655.2,220632.898
300350.SZ,2025-05-13,6.23,6.38,6.06,6.28,6.16,0.1200000000000001,1.95,646968.29,402322.472
300350.SZ,2025-05-14,6.16,6.85,6.11,6.83,6.28,0.5499999999999998,8.76,1252498.53,822946.094
300350.SZ,2025-05-15,6.82,6.99,6.47,6.5,6.83,-0.33000000000000007,-4.83,982114.65,658069.999
300350.SZ,2025-05-16,6.44,6.55,6.25,6.32,6.5,-0.17999999999999972,-2.77,671205.18,425639.33
300350.SZ,2025-05-19,6.37,6.49,6.26,6.32,6.32,0.0,0.0,472273.69,299639.117
300350.SZ,2025-05-20,6.29,6.33,6.12,6.31,6.32,-0.010000000000000675,-0.16,454800.51,282623.273
300350.SZ,2025-05-21,6.28,6.28,6.13,6.15,6.31,-0.15999999999999925,-2.54,361168.0,223243.77
300350.SZ,2025-05-22,6.11,6.22,6.02,6.03,6.15,-0.1200000000000001,-1.95,353524.0,216067.851
300350.SZ,2025-05-23,6.0,6.06,5.87,5.89,6.03,-0.14000000000000057,-2.32,309211.8,184002.525
300350.SZ,2025-05-26,5.88,6.02,5.86,6.01,5.89,0.1200000000000001,2.04,209054.66,124643.617
300350.SZ,2025-05-27,6.02,6.14,5.97,6.06,6.01,0.04999999999999982,0.83,266398.0,161478.845
300350.SZ,2025-05-28,6.07,6.38,6.04,6.17,6.06,0.11000000000000032,1.82,504445.6,314961.649
300350.SZ,2025-05-29,6.13,6.3,6.11,6.23,6.17,0.0600000000000005,0.97,376071.03,234139.343
300350.SZ,2025-05-30,6.2,6.38,6.0,6.06,6.23,-0.17000000000000082,-2.73,369627.91,226938.287
300350.SZ,2025-06-03,5.97,6.48,5.97,6.37,6.06,0.3100000000000005,5.12,614405.09,386673.024
300350.SZ,2025-06-04,6.36,6.39,6.2,6.28,6.37,-0.08999999999999986,-1.41,373223.29,233344.629
300350.SZ,2025-06-05,6.25,6.34,6.14,6.21,6.28,-0.07000000000000028,-1.11,304631.49,188516.595
300350.SZ,2025-06-06,6.24,6.28,6.07,6.11,6.21,-0.09999999999999964,-1.61,255533.2,157224.223
300350.SZ,2025-06-09,6.12,6.2,6.12,6.2,6.11,0.08999999999999986,1.47,223103.8,137696.812
300350.SZ,2025-06-10,6.17,6.45,6.08,6.4,6.2,0.20000000000000018,3.23,642663.69,403880.351
300350.SZ,2025-06-11,6.41,6.45,6.26,6.31,6.4,-0.09000000000000075,-1.41,437558.4,277828.423
300350.SZ,2025-06-12,6.25,6.29,6.17,6.23,6.31,-0.07999999999999918,-1.27,280242.4,174100.515
300350.SZ,2025-06-13,6.18,6.2,6.02,6.04,6.23,-0.1900000000000004,-3.05,309994.8,188688.161
300350.SZ,2025-06-16,6.01,6.1,5.98,6.09,6.04,0.04999999999999982,0.83,137986.27,83760.779
300350.SZ,2025-06-17,6.07,6.14,6.02,6.14,6.09,0.04999999999999982,0.82,197512.07,120024.395
300350.SZ,2025-06-18,6.1,6.1,5.88,5.93,6.14,-0.20999999999999996,-3.42,266935.6,159198.119
300350.SZ,2025-06-19,5.88,5.93,5.66,5.68,5.93,-0.25,-4.22,239879.6,138670.601
300350.SZ,2025-06-20,5.65,5.77,5.65,5.71,5.68,0.03000000000000025,0.53,142937.8,81782.687
300350.SZ,2025-06-23,5.94,6.05,5.84,5.94,5.71,0.23000000000000043,4.03,263605.8,156649.588
300350.SZ,2025-06-24,5.81,5.96,5.81,5.95,5.94,0.009999999999999787,0.17,227376.83,134357.059
300350.SZ,2025-06-25,5.97,6.05,5.9,6.03,5.95,0.08000000000000007,1.34,259640.0,155771.306
300350.SZ,2025-06-26,6.0,6.06,5.95,6.0,6.03,-0.03000000000000025,-0.5,178650.4,107306.45
300350.SZ,2025-06-27,5.98,6.22,5.98,6.21,6.0,0.20999999999999996,3.5,377086.4,232256.701
300350.SZ,2025-06-30,6.21,6.21,6.11,6.17,6.21,-0.040000000000000036,-0.64,235278.0,144742.839
300350.SZ,2025-07-01,6.17,6.17,6.04,6.13,6.17,-0.040000000000000036,-0.65,188936.0,115322.701
300350.SZ,2025-07-02,6.36,6.41,6.13,6.14,6.13,0.009999999999999787,0.16,370094.4,231109.022
300350.SZ,2025-07-03,6.14,6.17,6.07,6.12,6.14,-0.019999999999999574,-0.33,205488.0,125784.556
300350.SZ,2025-07-04,6.09,6.15,5.99,6.0,6.12,-0.1200000000000001,-1.96,211147.0,127657.716
300350.SZ,2025-07-07,6.0,6.06,5.94,6.03,6.0,0.03000000000000025,0.5,110017.8,66198.03
300350.SZ,2025-07-08,6.03,6.05,6.0,6.05,6.03,0.019999999999999574,0.33,117341.0,70752.757
300350.SZ,2025-07-09,6.03,6.11,6.02,6.04,6.05,-0.009999999999999787,-0.17,147052.8,89186.193
300350.SZ,2025-07-10,6.06,6.24,5.99,6.18,6.04,0.13999999999999968,2.32,289942.03,178038.4
300350.SZ,2025-07-11,6.21,6.24,6.1,6.16,6.18,-0.019999999999999574,-0.32,202479.0,124428.682
300350.SZ,2025-07-14,6.15,6.24,6.11,6.18,6.16,0.019999999999999574,0.32,187119.0,115626.32
300350.SZ,2025-07-15,6.18,6.18,6.0,6.05,6.18,-0.1299999999999999,-2.1,183535.8,111205.396
300350.SZ,2025-07-16,6.05,6.22,6.03,6.21,6.05,0.16000000000000014,2.64,281045.4,173244.12
300350.SZ,2025-07-17,6.18,6.21,6.12,6.2,6.21,-0.009999999999999787,-0.16,184870.03,113978.35
300350.SZ,2025-07-18,6.18,6.2,6.12,6.18,6.2,-0.020000000000000462,-0.32,135033.83,83129.717
300350.SZ,2025-07-21,6.18,6.22,6.14,6.2,6.18,0.020000000000000462,0.32,185550.6,114840.149
300350.SZ,2025-07-22,6.21,6.25,6.13,6.18,6.2,-0.020000000000000462,-0.32,175451.8,108349.316
300350.SZ,2025-07-23,6.16,6.2,6.07,6.07,6.18,-0.10999999999999943,-1.78,188170.6,115424.475
300350.SZ,2025-07-24,6.11,6.28,6.09,6.28,6.07,0.20999999999999996,3.46,354532.4,220766.013
300350.SZ,2025-07-25,6.28,6.39,6.2,6.33,6.28,0.04999999999999982,0.8,306123.97,192927.855
300350.SZ,2025-07-28,6.33,6.33,6.23,6.27,6.33,-0.0600000000000005,-0.95,181582.77,113863.68
300350.SZ,2025-07-29,6.24,6.25,6.1,6.18,6.27,-0.08999999999999986,-1.44,198041.0,121688.259
300350.SZ,2025-07-30,6.19,6.78,6.19,6.42,6.18,0.2400000000000002,3.88,565196.6,364307.18
300350.SZ,2025-07-31,6.4,6.48,6.18,6.22,6.42,-0.20000000000000018,-3.12,358519.0,225438.706
300350.SZ,2025-08-01,6.23,7.46,6.23,6.71,6.22,0.4900000000000002,7.88,1178900.83,821016.152
300350.SZ,2025-08-04,6.62,6.92,6.56,6.77,6.71,0.05999999999999961,0.89,870551.83,589342.344
300350.SZ,2025-08-05,6.73,6.88,6.65,6.69,6.77,-0.07999999999999918,-1.18,522542.8,350594.829
300350.SZ,2025-08-06,6.76,6.76,6.53,6.61,6.69,-0.08000000000000007,-1.2,405798.4,267445.383
300350.SZ,2025-08-07,6.6,7.2,6.6,7.0,6.61,0.3899999999999997,5.9,931487.63,642083.618
300350.SZ,2025-08-08,6.88,6.95,6.75,6.75,7.0,-0.25,-3.57,535323.8,364086.492
300350.SZ,2025-08-11,6.8,6.8,6.68,6.8,6.75,0.04999999999999982,0.74,350421.0,235562.531
300350.SZ,2025-08-12,6.79,6.8,6.65,6.72,6.8,-0.08000000000000007,-1.18,297009.6,199503.54
300350.SZ,2025-08-13,6.69,6.72,6.6,6.63,6.72,-0.08999999999999986,-1.34,285829.23,189623.087
300350.SZ,2025-08-14,6.62,6.63,6.41,6.43,6.63,-0.20000000000000018,-3.02,283269.4,184850.964
300350.SZ,2025-08-15,6.43,6.53,6.43,6.52,6.43,0.08999999999999986,1.4,191069.04,123872.437
300350.SZ,2025-08-18,6.52,6.62,6.52,6.6,6.52,0.08000000000000007,1.23,234667.23,154340.0
300350.SZ,2025-08-19,6.71,6.72,6.56,6.61,6.6,0.010000000000000675,0.15,232962.0,154064.781
300350.SZ,2025-08-20,6.6,6.73,6.51,6.73,6.61,0.1200000000000001,1.82,316177.0,210612.467
300350.SZ,2025-08-21,6.71,6.75,6.64,6.67,6.73,-0.0600000000000005,-0.89,257557.6,172294.053
300350.SZ,2025-08-22,6.67,6.68,6.52,6.62,6.67,-0.04999999999999982,-0.75,228405.03,150361.933
300350.SZ,2025-08-25,6.63,6.65,6.52,6.57,6.62,-0.04999999999999982,-0.76,271467.5,178236.547
300350.SZ,2025-08-26,6.54,6.61,6.51,6.56,6.57,-0.010000000000000675,-0.15,188832.2,124298.973
300350.SZ,2025-08-27,6.6,6.64,6.32,6.32,6.56,-0.23999999999999932,-3.66,297485.13,193360.461
300350.SZ,2025-08-28,6.35,6.45,6.09,6.37,6.32,0.04999999999999982,0.79,299632.54,188356.727
300350.SZ,2025-08-29,6.32,6.39,6.23,6.25,6.37,-0.1200000000000001,-1.88,158070.29,99705.23
300350.SZ,2025-09-01,6.25,6.39,6.22,6.36,6.25,0.11000000000000032,1.76,169920.0,107390.754
300350.SZ,2025-09-02,6.33,6.36,6.16,6.27,6.36,-0.09000000000000075,-1.42,177987.8,111006.112
300350.SZ,2025-09-03,6.29,6.29,6.04,6.07,6.27,-0.1999999999999993,-3.19,183969.4,113334.168
300350.SZ,2025-09-04,6.05,6.21,6.05,6.16,6.07,0.08999999999999986,1.48,183359.8,112825.32
300350.SZ,2025-09-05,6.17,6.27,6.06,6.27,6.16,0.10999999999999943,1.79,173315.6,107096.724
300350.SZ,2025-09-08,6.25,6.34,6.25,6.34,6.27,0.07000000000000028,1.12,133324.6,84092.153
300350.SZ,2025-09-09,6.33,6.33,6.18,6.21,6.34,-0.1299999999999999,-2.05,112671.28,70408.476
300350.SZ,2025-09-10,6.22,6.28,6.21,6.23,6.21,0.020000000000000462,0.32,88194.88,54974.733
300350.SZ,2025-09-11,6.22,6.32,6.13,6.3,6.23,0.0699999999999994,1.12,127051.8,79130.765
300350.SZ,2025-09-12,6.3,6.38,6.26,6.26,6.3,-0.040000000000000036,-0.63,126118.9,79595.175
300350.SZ,2025-09-15,6.27,6.58,6.21,6.55,6.26,0.29000000000000004,4.63,462285.32,298626.567
300350.SZ,2025-09-16,6.66,6.89,6.57,6.74,6.55,0.1900000000000004,2.9,765789.51,516360.407
300350.SZ,2025-09-17,6.67,6.71,6.5,6.53,6.74,-0.20999999999999996,-3.12,463336.01,303374.382
300350.SZ,2025-09-18,6.53,6.56,6.23,6.29,6.53,-0.2400000000000002,-3.68,364424.91,233800.648
300350.SZ,2025-09-19,6.51,7.2,6.51,6.65,6.29,0.3600000000000003,5.72,821678.51,558140.654
300350.SZ,2025-09-22,6.71,6.98,6.56,6.89,6.65,0.23999999999999932,3.61,835175.51,569335.133
300350.SZ,2025-09-23,6.81,7.89,6.73,7.24,6.89,0.35000000000000053,5.08,1188556.54,862860.011
300350.SZ,2025-09-24,7.0,7.39,6.9,7.16,7.24,-0.08000000000000007,-1.1,941753.97,672314.519
300350.SZ,2025-09-25,6.98,7.06,6.73,6.76,7.16,-0.40000000000000036,-5.59,702921.6,479076.133
300350.SZ,2025-09-26,6.67,6.72,6.53,6.57,6.76,-0.1899999999999995,-2.81,443470.8,293137.183
300350.SZ,2025-09-29,6.58,6.63,6.43,6.59,6.57,0.019999999999999574,0.3,303989.4,198946.79
300350.SZ,2025-09-30,6.6,6.62,6.44,6.44,6.59,-0.14999999999999947,-2.28,310635.0,201992.357
300350.SZ,2025-10-09,6.5,6.58,6.37,6.55,6.44,0.10999999999999943,1.71,292906.5,189613.973
300350.SZ,2025-10-10,6.51,6.64,6.48,6.57,6.55,0.020000000000000462,0.31,293038.8,192919.782
300350.SZ,2025-10-13,6.31,6.52,6.21,6.52,6.57,-0.05000000000000071,-0.76,271409.8,174210.407
300350.SZ,2025-10-14,6.51,6.72,6.51,6.62,6.52,0.10000000000000053,1.53,425389.8,281802.372
300350.SZ,2025-10-15,6.54,6.64,6.44,6.63,6.62,0.009999999999999787,0.15,260311.29,170496.051
300350.SZ,2025-10-16,6.59,6.63,6.47,6.51,6.63,-0.1200000000000001,-1.81,241549.6,158032.707
300350.SZ,2025-10-17,6.47,6.52,6.28,6.3,6.51,-0.20999999999999996,-3.23,240187.24,153069.943
300350.SZ,2025-10-20,6.37,6.47,6.34,6.44,6.3,0.14000000000000057,2.22,189745.2,121637.842
300350.SZ,2025-10-21,6.43,6.62,6.35,6.61,6.44,0.16999999999999993,2.64,284629.36,185735.793
300350.SZ,2025-10-22,6.58,6.66,6.56,6.59,6.61,-0.020000000000000462,-0.3,207926.56,137320.135
300350.SZ,2025-10-23,6.57,6.78,6.57,6.74,6.59,0.15000000000000036,2.28,393040.36,262903.742
300350.SZ,2025-10-24,6.74,6.8,6.67,6.74,6.74,0.0,0.0,362367.59,243838.157
300350.SZ,2025-10-27,6.74,6.74,6.61,6.63,6.74,-0.11000000000000032,-1.63,254115.64,168951.411
300350.SZ,2025-10-28,6.63,6.78,6.61,6.71,6.63,0.08000000000000007,1.21,264736.79,177612.701
300350.SZ,2025-10-29,6.66,6.66,6.4,6.5,6.71,-0.20999999999999996,-3.13,310078.0,200839.954
300350.SZ,2025-10-30,6.5,6.54,6.36,6.37,6.5,-0.1299999999999999,-2.0,228300.6,146367.573
300350.SZ,2025-10-31,6.37,6.47,6.37,6.43,6.37,0.05999999999999961,0.94,161054.2,103650.502
300350.SZ,2025-11-03,6.44,6.53,6.44,6.53,6.43,0.10000000000000053,1.56,152033.6,98743.781
300350.SZ,2025-11-04,6.52,6.55,6.44,6.51,6.53,-0.020000000000000462,-0.31,159758.8,103631.61
300350.SZ,2025-11-05,6.45,6.63,6.42,6.62,6.51,0.11000000000000032,1.69,210088.0,138292.174
300350.SZ,2025-11-06,6.61,6.64,6.48,6.53,6.62,-0.08999999999999986,-1.36,229139.0,149394.671
300350.SZ,2025-11-07,6.51,6.56,6.46,6.47,6.53,-0.0600000000000005,-0.92,155992.0,101276.941
300350.SZ,2025-11-10,6.47,6.59,6.42,6.57,6.47,0.10000000000000053,1.55,191862.16,125471.545
300350.SZ,2025-11-11,6.56,6.62,6.52,6.58,6.57,0.009999999999999787,0.15,199718.76,131359.245
300350.SZ,2025-11-12,6.58,6.65,6.38,6.6,6.58,0.019999999999999574,0.3,354642.02,230871.335
300350.SZ,2025-11-13,6.7,6.95,6.7,6.84,6.6,0.2400000000000002,3.64,673193.55,460912.608
300350.SZ,2025-11-14,6.78,6.87,6.78,6.78,6.84,-0.05999999999999961,-0.88,372828.77,254087.538
300350.SZ,2025-11-17,6.94,7.11,6.82,6.97,6.78,0.1899999999999995,2.8,483541.69,336859.011
300350.SZ,2025-11-18,6.89,6.95,6.74,6.81,6.97,-0.16000000000000014,-2.3,340160.36,231607.731
300350.SZ,2025-11-19,6.76,7.13,6.7,7.13,6.81,0.3200000000000003,4.7,700023.61,490556.654
300350.SZ,2025-11-20,7.05,7.17,6.92,6.95,7.13,-0.17999999999999972,-2.52,421639.72,295348.65
300350.SZ,2025-11-21,6.82,7.25,6.81,7.03,6.95,0.08000000000000007,1.15,632854.94,444568.631
300350.SZ,2025-11-24,7.12,7.28,6.92,7.15,7.03,0.1200000000000001,1.71,604209.0,428672.992
300350.SZ,2025-11-25,7.1,7.57,7.02,7.43,7.15,0.27999999999999936,3.92,852310.62,622615.989
300350.SZ,2025-11-26,7.33,7.34,7.04,7.09,7.43,-0.33999999999999986,-4.58,634632.65,455831.885
300350.SZ,2025-11-27,7.09,7.22,6.88,7.22,7.09,0.1299999999999999,1.83,515776.16,362979.512
300350.SZ,2025-11-28,7.23,7.23,6.99,7.02,7.22,-0.20000000000000018,-2.77,353894.72,250279.33
300350.SZ,2025-12-01,6.97,7.32,6.94,7.16,7.02,0.14000000000000057,1.99,362525.6,257503.309
300350.SZ,2025-12-02,7.12,7.45,7.08,7.28,7.16,0.1200000000000001,1.68,533667.15,390761.989
300350.SZ,2025-12-03,7.25,7.57,7.15,7.47,7.28,0.1899999999999995,2.61,665091.15,494466.608
300350.SZ,2025-12-04,7.37,7.37,7.0,7.05,7.47,-0.41999999999999993,-5.62,464624.6,332521.443
300350.SZ,2025-12-05,7.03,7.24,6.9,7.16,7.05,0.11000000000000032,1.56,337742.6,240366.5
300350.SZ,2025-12-08,7.13,7.52,7.09,7.49,7.16,0.33000000000000007,4.61,571475.6,421918.539
300350.SZ,2025-12-09,7.48,7.68,7.36,7.49,7.49,0.0,0.0,486568.8,364252.406
300350.SZ,2025-12-10,7.42,7.76,7.38,7.63,7.49,0.13999999999999968,1.87,555703.8,421687.952
300350.SZ,2025-12-11,7.61,7.61,7.22,7.39,7.63,-0.2400000000000002,-3.15,500308.6,367791.528
300350.SZ,2025-12-12,7.37,7.7,7.33,7.47,7.39,0.08000000000000007,1.08,553134.2,418226.715
300350.SZ,2025-12-15,7.32,7.39,6.94,6.97,7.47,-0.5,-6.69,540209.2,382382.167
300350.SZ,2025-12-16,6.9,6.94,6.55,6.56,6.97,-0.41000000000000014,-5.88,395876.0,264492.743
300350.SZ,2025-12-17,6.55,6.59,6.28,6.5,6.56,-0.05999999999999961,-0.91,298540.0,191657.003
300350.SZ,2025-12-18,6.41,6.56,6.4,6.45,6.5,-0.04999999999999982,-0.77,226035.9,146705.236
300350.SZ,2025-12-19,6.46,6.68,6.39,6.62,6.45,0.16999999999999993,2.64,285689.0,187008.576
300350.SZ,2025-12-22,6.61,6.65,6.54,6.6,6.62,-0.020000000000000462,-0.3,191602.2,126238.959
300350.SZ,2025-12-23,6.58,6.58,6.35,6.39,6.6,-0.20999999999999996,-3.18,245484.76,157848.74
300350.SZ,2025-12-24,6.35,6.54,6.31,6.46,6.39,0.07000000000000028,1.1,161933.65,104246.36
300350.SZ,2025-12-25,6.5,6.63,6.47,6.58,6.46,0.1200000000000001,1.86,236074.0,154711.161
300350.SZ,2025-12-26,6.5,6.58,6.45,6.46,6.58,-0.1200000000000001,-1.82,209301.05,135947.1
300350.SZ,2025-12-29,6.42,6.45,6.36,6.41,6.46,-0.04999999999999982,-0.77,129002.21,82473.188
300350.SZ,2025-12-30,6.38,6.41,6.27,6.28,6.41,-0.1299999999999999,-2.03,161738.0,102705.62
300350.SZ,2025-12-31,6.26,6.34,6.13,6.31,6.28,0.02999999999999936,0.48,177267.04,110726.446
